Workbook

Sheet Form Responses 2
A1: Timestamp | B1: Untitled Question

Sheet Sheet30
B1: 19/1/2026 | E1: 25/1/2026 | F1: 27/1/2026 | G1: 28/1/2026
A2: HC SPH | B2: PC
A3: PLAN | B3: 8
A4: -0.25 | B4: 3
A5: -0.5 | B5: 5
A6: -0.75 | B6: 4
A7: -1 | B7: 3
A8: -125 | B8: 6
A9: -1.5 | B9: 4
A10: -1.75 | B10: 6
A11: -2 | B11: 5
A12: -2.25 | B12: 9
A13: -2.5 | B13: 3
A14: -2.75 | B14: 3
A15: -300 | B15: 3
... A21: -10 | B21: 2
A22: -12 | B22: 2 | E22: ```
A23: CYL | B23: 20/1/2026 | D23: 22/1/2026
A24: -0.25/ | B24: 11
A25: 0.50/ | B25: 3 | D25: 2 | E25: 4
A26: -0.75 | B26: 4 | G26: 4
A27: -1 | B27: 7
A28: -1.25 | B28: 4
A29: -1.5 | B29: 4 | D29: 1
A30: -1.75 | B30: 18
A31: -2 | B31: 4
A32: -2.25 | B32: 4
A33: -2.75 | B33: 4
A34: -3 | B34: 3
A35: -5.5 | B35: 1
A36: MINUS/MINUS | B36: 20/1/2026
A37: -0.25/-0.25CYL
A38: -0.25/-0.50CYL
A39: -0.25/-0.75CYL | B39: 1
A40: -0.25/-1.00CYL | B40: 1
A41: -0.25/-1.25CYL
A42: -0.25/-150CYL
A43: -0.25/1.75CYL | B43: 2
A44: -0.25/-2.00CYL | B44: 2
A45: -0.25/-2.25CYL | B45: 2
A46: -0.5/-0.25 | B46: 2
A47: -0.5/-0.75 | B47: 1
A48: -0.5/-1.75 | B48: 1
A49: -0.50/1.75 | B49: 1
A50: -3.50/-3.75 | B50: 1
A51: -0.50/-4.00 | B51: 1
A52: -0.5/-3.75 | B52: 1
A53: -0.75/-0.25 | B53: 1
A54: -0.75/-1.5 | B54: 1
... A148: -9.00/-1.00 | B148: 1
A149: MINUS/PLUS | B149: 21/1/26
A150: -0.25/+0.50 | B150: 1
A151: -0.25/+1.50 | B151: 1
A152: -0.50/+0.50 | B152: 1
A153: -0.50/1.50 | B153: 1
A154: -0.50/+3.00 | B154: 1
A155: -1.00/+0.75 | B155: 1
A156: -1.00/+2.00 | B156: 1
A157: -5.50/+1.25 | B157: 1
A158: MINUS/MINUS
A159: -0.25/-0.25CYL | B159: 1
A160: -0.25/-1.75 | B160: 1
A161: BC/SPH | B161: 22/1/2026
A162: -0.25 | B162: 6
A163: -0.5 | B163: 7 | F163: 4
A164: -0.75 | B164: 4
A165: -1 | B165: 6
A166: -1.25 | B166: 5
A167: -1.5 | B167: 5
A168: -1.75 | B168: 3
A169: -2 | B169: 2
A170: -2.25 | B170: 6
A171: -2.5 | B171: 4
A172: -2.75 | B172: 7
A173: -3 | B173: 3
A174: -3.25 | B174: 1
A175: 3.75 | B175: 1
A177: BC/CYL
A178: 0/-0.25 | B178: 3
A179: 0/-0.50 | B179: 2
A180: 0/-0.75 | B180: 3
A181: 0/-1.00 | B181: 3
A182: 0/1.25 | B182: 3
A183: 0/-1.50 | B183: 5
A184: 0/1.75 | B184: 3
A185: 0/-2.00 | B185: 5
A186: 0/-2.25 | B186: 6
A187: 0/-2.50 | B187: 3
A188: 0/-2.75 | B188: 4
A189: 0/-3.00 | B189: 6
A191: MINUS/MINUS
A192: -0.25/0.25
A193: -0.25/-0.50 | B193: 2
A194: -0.25/-0.75
A195: -0.25/-1.0 | B195: 1
A196: -0.25/-1.25
A197: -0.25/-1.5
A198: -0.25/-1.75
A199: -0.25/-2.0
A200: -0.25/-2.25
...

Sheet Sheet32
A2: ARC | B2: 23-1-2026
A3: PLAN
A4: -0.25 | B4: 1
A5: -0.5 | B5: 2
A6: -0.75 | B6: 3
A7: -1 | B7: 3
A8: -125 | B8: 2
A9: -1.5 | B9: 4
A10: -1.75 | B10: 5
A11: -2 | B11: 2
A12: -2.25 | B12: 1
A13: -2.5 | B13: 2
A14: -2.75 | B14: 2
A15: -300 | B15: 3
... A19: -4.25 | B19: 1
A20: -4.5
A21: -4.75 | B21: 2
A22: -5 | B22: 1
A23: -5.25 | B23: 2
A24: -7 | B24: 1
A25: -8 | B25: 1
A26: -10 | B26: 1
A27: -12 | B27: 1
A28: CYL
A29: /-0.25 | B29: 1
A30: /0.50 | B30: 2
A31: /-0.75 | B31: 2
A32: /-1 | B32: 3
A33: -1.25 | B33: 4
A34: -1.5 | B34: 2
A35: -1.75 | B35: 2
A36: -2 | B36: 2
A37: -2.25 | B37: 4
A38: /-2.5 | B38: 2
A39: /-2.75 | B39: 3
A40: /-3 | B40: 3
A41: /-5.5
A42: MINUS/MINUS
A43: -0.25/-0.25CYL
A44: -0.25/-0.50CYL
A45: -0.25/-0.75CYL | B45: 1
A46: -0.25/-1.00CYL | B46: 1
A47: -0.25/-1.25CYL
A48: -0.25/-150CYL | B48: 5
A49: -0.25/1.75CYL | B49: 3
A50: -0.25/-2.00CYL | B50: 3
A51: -0.25/-2.25CYL
A52: -0.25/+0.75 | B52: 1
A53: -0.5/-0.25 | B53: 3
A54: -0.5/-2.0 | B54: 2
A55: -0.5/-2.25 | B55: 1
A56: -0.5/-2.5 | B56: 2
A57: -0.5/-3.75
A58: -0.75/-0.25
A59: -0.75/-1.25 | B59: 3
A60: -0.75/-1.5 | B60: 3
A61: -0.75/-1.75 | B61: 2
A62: -0.75/-2.0 | B62: 2
A63: -1.0/-0.25 | B63: 5
A64: -1.00/-1.50 | B64: 1
A65: -1.0/-1.75 | B65: 2
A66: -1.00/-3.5 | B66: 1
A67: -1.25/-0.25 | B67: 7
A68: -1.25/-1.25 | B68: 3
A69: -1.25/-1.50 | B69: 4
A70: -1.25/-1.75 | B70: 2
... A78: 1.75/-1.25 | B78: 1
A79: 1.75/-1.50
A80: 1.75/-1.75
A81: 1.75/-2.0
A82: 1.75/-2.25
A83: 1.75/-2.5
A84: 2.0/-0.25
A85: 2.0/-0.5
A86: 2.0/-1.75
A87: -2.0/-3.50
A88: 2.0/-3.0
A89: -2.25/-0.25
A90: -2.25/-0.75
... A98: -2.50/-1.25
A99: -2.50/-1.50 | B99: 2
A100: -2.50/-1.75 | B100: 2
A101: -2.50/-2.0 | B101: 3
A102: -2.75/-0.25 | B102: 6
A103: -2.75/-0.50 | B103: 3
A104: -2.75/-0.75 | B104: 2
A105: -2.75/-1.0 | B105: 3
A106: -2.75/-1.25 | B106: 3
A107: -2.75/-1.50 | B107: 2
A108: -2.75/-1.75 | B108: 2
A109: -2.75/-2.0
A110: -2.75/-2.25
A111: -2.75/-2.50
A112: -2.75/-2.75
A113: -2.75/-3.0
A114: -3.0/-0.25
A115: -3.0/-0.50
A116: -3.0/-0.75 | B116: 2
A117: -3.0/-1.0
A118: -3.0/-1.25 | B118: 1
...

Sheet Sheet33
A2: AO Glasses | B2: 27/1/2026
A3: PLAIN | B3: 1
A4: 1 SPH | B4: 1
A5: -0.5 | B5: 1
A6: -0.75 | B6: 1
A7: -1.25 | B7: 1
A8: -1.75 | B8: 2
A9: -2 | B9: 2
A10: -2.5 | B10: 3
A11: -2.75 | B11: 4
A12: -3 | B12: 6
A13: -3.25 | B13: 2
A14: -3.5 | B14: 3
A15: -3.75 | B15: 4
A16: -4 | B16: 4
... A25: -8 | B25: 4
B26: =SUM(B3:B25) -> 63
A27: CYL
A28: 0/-0.25 | B28: 4
A29: 0/-1.25 | B29: 1
A30: 0/-1.50 | B30: 4
A31: 0/-1.75 | B31: 4
A32: 0/-2.00 | B32: 4
B33: 17
A34: MINUS/MINUS
A35: 0.25/-0.50 | B35: 1
A36: -0.25/-0.25 | B36: 1
A37: -0.25/-0.75 | B37: 2
A38: -0.25/-1.00 | B38: 2
A39: -0.25/-1.25 | B39: 2
A40: -0.25/-1.50 | B40: 2
A41: -0.25/-1.75 | B41: 2
A42: -0.50/-0.25 | B42: 1
A43: -0.50/-0.75 | B43: 2
A44: -.050/-1.00 | B44: 2
A45: -0.50/-1.25 | B45: 1
A46: -0.50/-1.50 | B46: 2
... A119: -4.25/-0.75 | B119: 1
B120: =SUM(B35:B119) -> 164
A121: esiloor/ crizal
A122: -0.25 | B122: 1
A123: 1 | B123: 1
A124: 1.25 | B124: 1
A125: 2.5 | B125: 2
A126: 2.75 | B126: 1
A127: 3 | B127: 1
A128: 0/-0.25 | B128: 1
A129: 00/-0.50 | B129: 2
A130: -1 | B130: 1
A131: -1.25 | B131: 1
A132: -2.25 | B132: 2
A133: -2.5 | B133: 2
A134: 0/+0.50 | B134: 1
A135: 1.00/+1.00 | B135: 1
A136: 1.25/+0.25 | B136: 2
A137: 1.50/+0.50 | B137: 1
A138: -4.00/+1.25 | B138: 2
B139: =SUM(B122:B138) -> 23
A141: SUPROL
A142: 0/-1.50 | B142: 1
B143: 1
A144: SWISS
A145: -0.25/+0.25 /1.5 180 | B145: 1.5 | C145: 1
A147: glass white
A148: -0.5 | B148: 1
A149: -0.75 | B149: 1
A150: -1.5 | B150: 2
A151: -1.75 | B151: 2
A152: -2 | B152: 1
A153: -2.25 | B153: 1
A154: -2.5 | B154: 1
A155: -3.25 | B155: 4
A156: -3.5 | B156: 2
A157: -3.75 | B157: 3
A158: -4.5 | B158: 4
A159: -5.5 | B159: 6
A160: 1.00/+0.50 | B160: 1
A161: 0/+0.25 | B161: 1
A162: 0/+0.50 | B162: 1
A163: 0/+1.00 | B163: 2
A164: /1.25 | B164: 2
A165: 0/+2.00 | B165: 2
A166: /2.50 | B166: 1
A167: /2.75
A168: /3.0 | B168: 1
A169: -4.5 | B169: 4
A170: /-1.25 | B170: 2
A171: 2.75 | B171: 3
A172: 3 | B172: 1
A173: 3.5 | B173: 4
A174: 4 | B174: 2
A175: 4.75 | B175: 3
A176: 5 | B176: 2
A177: -7 | B177: 1
A178: /3 | B178: 1
A179: /3.5 | B179: 1
A180: /4.0 | B180: 1
A181: 0.25 | B181: 1
A182: 0.75 | B182: 1
A183: 5.25
...

Sheet Sheet31
A1: GLASS NO | B1: QTY(19/1/2026) | C1: 20/1/2026 | D1: 23/1/2026 | E1: 24/1/2026 | F1: 27/1/2026 | G1: 29/1/2026
A2: SPH CRHC
A3: =0.25 -> 0.25 | B3: 7
A4: 0.5 | B4: 7
A5: 0.75 | B5: 4
A6: 1 | B6: 2 | C6: 4 | D6: 4
A7: 1.25 | B7: 7
A8: 1.5 | B8: 6
A9: 1.75 | B9: 4 | D9: 4
A10: 2 | B10: 4 | F10: 4
A11: 2.25 | B11: 7
A12: 2.5 | B12: 5
A13: 2.75 | B13: 3
A14: 3 | B14: 4
A15: 3.25 | C15: 2 | G15: 2
A16: 3.75 | B16: 2
A17: =5.75 -> 5.75 | B17: 1
A19: CYL | B19: 20/1/2026
A20: 0/+0.25 | B20: 10
A21: 0/+0.50 | B21: 5 | E21: 8
A22: 0/+0.75 | B22: 5
A23: 0/+1.00 | B23: 6
A24: 0./+1.25 | B24: 3
A25: 0/+1.50 | B25: 5 | F25: 4
A26: 0/+1.75 | B26: 14
A27: 0/+2.0 | B27: 5
A28: 0/+2.25 | B28: 17
A29: 0/+2.50 | B29: 3
A30: 0/+2.75 | B30: 6
A31: 0/+3.0 | B31: 3
A32: 0/+3.50 | B32: 4
B33: 4
A34: PLUS/MINUS
A35: 0.25/-0.50 | B35: 2
A36: 0.25/-0.75 | B36: 1
A37: 0.25/-1.00 | B37: 1
A38: 0.25/-1.50 | B38: 2
A39: 0.25/_1.25 | B39: 1
A40: 0.25/-2.50 | B40: 1
A41: 0.5/-1.25 | B41: 1
A42: 0.5/1-1.75 | B42: 0
A43: 0.5/-2.25 | B43: 1
A44: 0.5/-2.50 | B44: 1
A45: 0.75/-1.25 | B45: 3
A46: 0.75/-3.00 | B46: 1
... A83: 4.50/-0.50 | B83: 2
A85: PLUS/PLUS
A86: 0.25/+0.50 | B86: 13
A87: 0.25/+0.75 | B87: 2
A88: 0.25/+1.50 | B88: 1
A89: 0.50/+0.25 | B89: 3
A90: 0.50/+0.50 | B90: 1
A91: 0.50/+1.50 | B91: 1
A92: 0.50/+1.25 | B92: 2
A93: 0.50/+1.50 | B93: 3
A94: 0.75/+0.25 | B94: 1
A95: 0.75/+0.50 | B95: 1
A96: 0.75/+1.50 | B96: 1
A97: 0.75/+2.00 | B97: 1
... A131: 9.50/+0.25 | B131: 1
A133: BC/SPH
A134: PLANO | B134: 9
A135: 0.25 | B135: 6 | E135: 4
A136: 0.5 | B136: 3
A137: 0.75 | B137: 4
A138: 1 | B138: 5
A139: 1.25 | B139: 6
A140: 1.5 | B140: 6
A141: 1.75 | B141: 7
A142: 2 | B142: 3
A143: 2.25 | B143: 3
A144: 2.5 | B144: 5
A145: 2.75 | B145: 5
A146: 3 | B146: 6
A147: 4 | B147: 1
A148: BC CYL
A149: 0/+0.25 | B149: 8
A150: 0/+0.50 | B150: 4
A151: 0/+0.75 | B151: 4
A152: 0/+1.00 | B152: 5
A153: 0/+1.25 | B153: 7
A154: 0/+1.50 | B154: 7
A155: 0/+1.75 | B155: 3
A156: 0/+2.00 | B156: 6
A157: 0/+2.25 | B157: 3
A158: 0/+2.50 | B158: 3
A159: 0/+2.75 | B159: 6
A160: 0/+3.00 | B160: 2
A162: PLUS/PLUS
A163: 0.50/+0.50 | B163: 1
A164: 0.50/+1.00 | B164: 1
A165: 1.00/+0.75 | B165: 2
A166: 1.00/+1.00 | B166: 1
A167: 1.25/+0.25 | B167: 1
A168: 2.50/+1.00 | B168: 1
A169: 3.00/+0.50 | B169: 1
A170: 9.50/+0.25 | B170: 1
A172: PLUS/MINUS
A173: 0.25/-0.50 | B173: 1
A174: 1.00/-1.50 | B174: 1
...

Sheet Sheet13
A1: Code | B1: Brand | C1: Product Margin | D1: Cost Price/ MRP
A2: RB | B2: Rayban | C2: 0.37 | D2: 0.63
A3: CI | B3: Citizen | C3: 0.36 | D3: 0.64
A4: OO | B4: Oakley | C4: 0.41 | D4: 0.59
A5: OX | B5: Oakley | C5: 0.51 | D5: 0.49
A6: RJ | B6: Rayban | C6: 0.37 | D6: 0.63
A7: BE | B7: Burberry | C7: 0.51 | D7: 0.49
A8: PR | B8: Prada | C8: 0.51 | D8: 0.49
A9: PS | B9: Prada | C9: 0.51 | D9: 0.49
A10: DG | B10: Dolce & gabbana | C10: 0.51 | D10: 0.49
A11: VE | B11: Versace | C11: 0.51 | D11: 0.49
A12: VO | B12: Vogue | C12: 0.55 | D12: 0.45
A13: ID | B13: IDEE | C13: 0.55 | D13: 0.45
... A27: TI | B27: Titan Eye+ | C27: 0.37 | D27: 0.63
A28: RE | B28: Renu | C28: 0.25
A29: PL | B29: Polaroid
A30: DJ | B30: David Jones
A31: FC | B31: FCUK
A32: KX | B32: Killer Loop
A33: SQ | B33: Sequinze
A34: TF | B34: Tom Ford
A35: RC | B35: Roberto Cavalli
A36: Bi | B36: Biotrue | C36: 0.24
A37: PG | B37: Page
A38: MJ | B38: Marc Jacobs | C38: 0.52 | D38: 0.48
A39: JC | B39: Jimmy Choo | C39: 0.52 | D39: 0.48
A40: IN | B40: Invu

Sheet Sheet28
A1: DJ15T126_C3_54 | B1: =vlookup(A1,'SECO Stocktake'!$A$2:$CF$1425,83,0) -> 2
A2: DJ15T156_C1_53 | B2: =vlookup(A2,'SECO Stocktake'!$A$2:$CF$1425,83,0) -> #N/A
A3: DJ15T162_C3_52 | B3: =vlookup(A3,'SECO Stocktake'!$A$2:$CF$1425,83,0) -> #N/A
A4: DJ15T163_C5_54 | B4: =vlookup(A4,'SECO Stocktake'!$A$2:$CF$1425,83,0) -> 1
A5: FOS3010PS_003Y2_59 | B5: =vlookup(A5,'SECO Stocktake'!$A$2:$CF$1425,83,0) -> 1
A6: FOS2057S_0039K_52 | B6: =vlookup(A6,'SECO Stocktake'!$A$2:$CF$1425,83,0) -> 1
A7: BOSS HUGO BOSS SHEET | B7: =vlookup(A7,'SECO Stocktake'!$A$2:$CF$1425,83,0) -> 1
A8: VOGUE FANCY SHEET IST | B8: =vlookup(A8,'SECO Stocktake'!$A$2:$CF$1425,83,0) -> #N/A
A9: PUMA | B9: =vlookup(A9,'SECO Stocktake'!$A$2:$CF$1425,83,0) -> #N/A
A10: POLARE | B10: =vlookup(A10,'SECO Stocktake'!$A$2:$CF$1425,83,0) -> #N/A
A11: FT_P089GR3_M | B11: =vlookup(A11,'SECO Stocktake'!$A$2:$CF$1425,83,0) -> #N/A
A12: FT_P089WH4_M | B12: =vlookup(A12,'SECO Stocktake'!$A$2:$CF$1425,83,0) -> 2
... A58: IDS1802_C2_57 | B58: =vlookup(A58,'SECO Stocktake'!$A$2:$CF$1425,83,0) -> 1

Sheet SECO Stocktake
A1: Title | B1: Lens Width | C1: Brands | D1: LOCATION | E1: TYPE | F1: COMMENTS | G1: MRP | DN1: 18-4-26
A2: AO 1.6 CRHMC | C2: AO | E2: SPECTACLE GLASS | G2: 540 | DN2: 256
A3: HC | E3: SPECTACLE GLASS | DN3: 1013
A4: ARC | E4: SPECTACLE GLASS | DN4: 192
A5: PG | E5: SPECTACLE GLASS | DN5: 43
A6: Blue cut PG | E6: SPECTACLE GLASS | DN6: 18
A7: CRKT | E7: SPECTACLE GLASS | DN7: 134
A8: CRKT ARC | E8: SPECTACLE GLASS | DN8: 3
A9: Bluecut CRKT | E9: SPECTACLE GLASS | DN9: 7
A10: Blue ray Progressive | E10: SPECTACLE GLASS | DN10: 0
A11: BLUECUT HMC | E11: SPECTACLE GLASS | DN11: 183
A12: ZEISS BC | DN12: 2
A13: PG 6 LINE | E13: SPECTACLE GLASS | DN13: 108
A14: GLASS | E14: SPECTACLE GLASS | DN14: 79
A15: PGARC | E15: SPECTACLE GLASS | DN15: 2
A16: WHITE KT | E16: SPECTACLE GLASS | DN16: 77
A17: Blue Cut PGKT | DN17: 5
A18: PGKT 6LINE | E18: SPECTACLE GLASS | DN18: 7
A19: PG PROGRESSIVE | DN19: 10
A20: SUPEROL | E20: SPECTACLE GLASS | DN20: 5
A21: CRIZAL UV | E21: SPECTACLE GLASS | DN21: 14
A22: Crizal SV | DN22: 6
A23: Crizal SV KT | DN23: 0
A24: color CLS | DN24: 0
A25: Elements FSV Bluecut | C25: ESSILOR | E25: SPECTACLE GLASS | G25: 600 | DN25: 12
A26: TRIO | C26: ESSILOR | E26: SPECTACLE GLASS | G26: 520 | DN26: 0
A27: KROMOS | E27: SPECTACLE GLASS | DN27: 10
A28: Bandage lens | DN28: 10
A29: LENS SHINE | DN29: 314
A30: CONTACT LENS PCS | E30: CONTACT LENS | DN30: 12
A31: color contact lens | E31: CONTACT LENS | DN31: 3
A32: PROGRESSIVE | E32: SPECTACLE GLASS | DN32: 14
A33: COATED GLASS | E33: SPECTACLE GLASS | DN33: 11
A34: AZEETA SHEET | C34: AZEETA | D34: L6D4-7 | E34: RECTANGLE FULL SHEET FRAME | G34: 900 | DN34: 7
A35: AB1084_C2_53 | B35: 53 | C35: AGNES | D35: T26S2-1 | E35: RECTANGLE SUPRA METAL FRAME | G35: 3480 | DN35: 1
A36: AB1087_C3_53 | B36: 53 | C36: AGNES | D36: T26S2-1 | E36: RECTANGLE FULL METAL FRAME | G36: 3250 | DN36: 1
A37: AB1087_C4_53 | B37: 53 | C37: AGNES | D37: T26S1-1 | E37: RECTANGLE FULL METAL FRAME | G37: 3250 | DN37: 1
A38: AB1090_C1_53 | B38: 53 | C38: AGNES | D38: T75S2-1 | E38: CATEYE SUPRA METAL FRAME | G38: 3725 | DN38: 1
A39: AB1090_C2_53 | B39: 53 | C39: AGNES | D39: T75S3-1 | E39: CATEYE SUPRA METAL FRAME | G39: 3725 | DN39: 1
A40: AB1090_C3_53 | B40: 53 | C40: AGNES | D40: NA | E40: CATEYE SUPRA METAL FRAME | G40: 3725 | DN40: 0
A41: AB1090_C4_53 | B41: 53 | C41: AGNES | D41: T75S3-1 | E41: RECATNGLE SUPRA METAL FRAME | G41: 3725 | DN41: 1
A42: AB1094_C3_53 | B42: 53 | C42: AGNES | D42: NA | E42: CATEYE FULL METAL FRAME | G42: 3990 | DN42: 0
A43: AG1098_C4_49 | B43: 49 | C43: AGNES | D43: T15S2-1 | E43: CATEYE FULL SHEET FRAME | G43: 3990 | DN43: 1
A44: AB1098_C5_49 | B44: 49 | C44: AGNES | D44: D11-1 | E44: CATEYE FULL SHEET FRAME | G44: 1600 | DN44: 1
A45: AB1098_C6_49 | B45: 49 | C45: AGNES | D45: T76S2-1 | E45: CATEYE FULL SHEET FRAME | G45: 1600 | DN45: 1
A46: AB1100_C3_53 | B46: 53 | C46: AGNES | D46: T26S1-1 | E46: RECTANGLE FULL METAL FRAME | G46: 2750 | DN46: 1
... A48: AB1103_C3_52 | B48: 52 | C48: AGNES | D48: D11-1 | E48: CATEYE SUPRA METAL FRAME | G48: 3980 | DN48: 1
A49: AB1104_C3_54 | B49: 54 | C49: AGNES | D49: T30S2-1 | E49: SUNGLASS | DN49: 1
A50: AB1104_C4_54 | B50: 54 | C50: AGNES | D50: T30S2-1 | E50: SUNGLASS | DN50: 1
A51: AB1108_C4_52 | B51: 52 | C51: AGNES | D51: C7-1 | E51: RECTANGLE FULL SHEET FRAME | G51: 3480 | DN51: 1
A52: AB1108_C5_52 | B52: 52 | C52: AGNES | D52: T31S1-1 | E52: RECTANGLE FULL SHEET FRAME | G52: 3480 | DN52: 1
A53: AB1110_C2_53 | C53: AGNES | D53: T15S1-1 | E53: RECTANGLE FULL SHEET FRAME | DN53: 1
A54: AB1110_C2_53 | B54: 53 | C54: AGNES | D54: C7-1 | E54: RECTANGLE FULL SHEET FRAME | G54: 4490 | DN54: 1
A55: AB1115_C1_52 | B55: 52 | C55: C | D55: C7-1,T15S2-1 | E55: CATEYE FULL METAL FRAME | G55: 4225 | DN55: 2
A56: AB1115_C2_52 | B56: 52 | C56: AGNES | D56: C7-1 | E56: CATEYE FULL METAL FRAME | G56: 4225 | DN56: 1
A57: AB1115_C3_52 | B57: 52 | C57: AGNES | D57: C7-1 | E57: CATEYE FULL METAL FRAME | G57: 4225
A58: AB1115_C5_52 | B58: 52 | C58: AGNES | D58: C7-1 | E58: CATEYE FULL METAL FRAME | G58: 4225 | DN58: 1
A59: AB1117_C3_53 | B59: 53 | C59: AGNES | D59: T15S3-1 | E59: CATEYE FULL METAL FRAME | G59: 3725 | DN59: 1
A60: AB1117_C5_53 | B60: 53 | C60: AGNES | D60: T75S1-1 | E60: CATEYE FULL METAL FRAME | G60: 3725 | DN60: 1
A61: AB1118_C1_52 | B61: 52 | C61: AGNES | D61: T40S1-1 | E61: SUNGLASS | DN61: 1
A62: AB1118_C2_52 | B62: 52 | C62: AGNES | D62: T40S1-1 | E62: SUNGLASS | DN62: 1
A63: AB1119_C2_55 | B63: 55 | C63: AGNES | D63: C7-1 | E63: CATEYE FULL SHEET FRAME | G63: 4480 | DN63: 1
A64: AB1120_C1_50 | B64: 50 | C64: AGNES | D64: T31S1-1 | E64: CATEYE FULL SHEET FRAME | G64: 3750 | DN64: 1
A65: AB1121_C2_52 | B65: 52 | C65: AGNES | D65: T26S3-1 | E65: CATEYE FULL METAL FRAME | G65: 3990 | DN65: 1
A66: AB1123_C2_55 | B66: 55 | C66: AGNES | D66: T30S2-1 | E66: SUNGLASS | DN66: 1
A67: AB1124_C1_56 | B67: 56 | C67: AGNES | D67: T40S2-1 | E67: SUNGLASS | DN67: 1
A68: AB1124_C4_56 | B68: 56 | C68: AGNES | D68: T40S2-1 | E68: SUNGLASS | DN68: 1
A69: AB1125_C5_52 | B69: 52 | C69: AGNES | D69: T30S1-1 | E69: SUNGLASS | DN69: 1
A70: AB1127_C3_53 | B70: 53 | C70: AGNES | D70: T26S3-1 | E70: CATEYE SUPRA METAL FRAME | G70: 3750 | DN70: 1
A71: AB1128_C2_53 | B71: 53 | C71: AGNES | D71: T26S2-1 | E71: RECATNGLE SUPRA METAL FRAME | G71: 3750 | DN71: 1
A72: AB1128_C5_53 | B72: 53 | C72: AGNIS | D72: T15S3-1 | G72: 3750 | DN72: 1
A73: AB1129_C3_54 | B73: 54 | C73: AGNES | D73: T75S1-1 | E73: CATEYE FULL METAL FRAME | G73: 3980 | DN73: 1
A74: AB1129_C4_54 | B74: 54 | C74: AGNES | D74: C7-1 | E74: CATEYE FULL METAL FRAME | G74: 3980 | DN74: 1
A75: AB1130_C1_53 | B75: 53 | C75: AGNES | D75: T75S3-1 | E75: RECATNGLE SUPRA METAL FRAME | G75: 3750 | DN75: 1
A76: AB1131_C5_52 | B76: 52 | C76: AGNES | D76: C7-1 | E76: CATEYE FULL METAL FRAME | G76: 3490 | DN76: 1
A77: AB1132_C2_51 | B77: 51 | C77: AGNES | D77: T75S2-1 | E77: CATEYE SUPRA METAL FRAME | G77: 3980 | DN77: 1
A78: AB1136_C2_60 | B78: 60 | C78: AGNES | D78: T40S3-1 | E78: SUNGLASS | DN78: 1
A79: AB1136S_C4_60 | B79: 60 | C79: AGNES | D79: C7-1 | E79: SUNGLASS | G79: 3990 | DN79: 1
A80: AB1137_C3_59 | B80: 59 | C80: AGNES | D80: T40S3-1 | E80: SUNGLASS | DN80: 1
A81: AB1137_C5_59 | B81: 59 | C81: AGNES | D81: T40S3-1 | E81: SUNGLASS | DN81: 1
A82: AB1138_C1_53 | B82: 53 | C82: AGNES | D82: C7-2 | E82: CATEYE FULL SHEET FRAME | F82: FRAME | G82: 4225 | DN82: 2
A83: AB1138_C4_53 | B83: 53 | C83: AGNES | D83: T76S3-1 | E83: CATEYE FULL SHEET FRAME | G83: 4225 | DN83: 1
A84: AB1142_C5_50 | B84: 50 | C84: AGNES | D84: T15S2-1 | E84: FRAME | G84: 3750 | DN84: 1
A85: AB1144_C4_52 | B85: 52 | C85: AGNES | D85: T30S1-1 | E85: SUNGLASS | DN85: 1
A86: AB1152_C2_52 | B86: 52 | C86: AGNES | D86: T15S3-1 | E86: CATEYE FULL SHEET FRAME | G86: 3990 | DN86: 1
A87: AB1152_C3_52 | B87: 52 | C87: AGNES | D87: T75S1-1 | E87: CATEYE FULL SHEET FRAME | G87: 3990 | DN87: 1
A88: AB1158_C1_52 | B88: 52 | C88: AGNES | D88: T15S2-1 | E88: RECTANGLE FULL SHEET FRAME | G88: 2480 | DN88: 1
A89: AB1158_C2_52 | B89: 52 | C89: AGNES | D89: T76S1-1 | E89: RECTANGLE FULL SHEET FRAME | G89: 2480 | DN89: 1
A90: AB1159_C3_50 | B90: 50 | C90: AGNES | D90: C7-1 | E90: CATEYE FULL SHEET FRAME | G90: 2480 | DN90: 1
A91: AB1162_C1_51 | B91: 51 | C91: AGNES | D91: T31S3-1 | E91: CATEYE FULL SHEET FRAME | G91: 4225 | DN91: 1
A92: AB1162_C3_51 | B92: 51 | C92: AGNES | D92: T76S2-1 | DN92: 1
A93: AB1163_C2_52 | B93: 52 | C93: AGNES | D93: T75S2-1 | E93: ROUND FULL METAL FRAME | G93: 4725 | DN93: 1
A94: AB1163_C4_52 | B94: 52 | C94: AGNES | D94: T26S1-1 | E94: ROUND FULL METAL FRAME | G94: 4725 | DN94: 1
A95: AB1164_C1_52 | B95: 52 | C95: AGNES | D95: T40S2-1 | E95: SUNGLASS | DN95: 1
A96: AB1164_C2_52 | B96: 52 | C96: AGNES | D96: T40S2-1 | E96: SUNGLASS | DN96: 1
A97: AB1167_C3_53 | B97: 53 | C97: AGNES | D97: T26S1-1 | E97: FRAME | F97: FRAME | DN97: 1
A98: AB1168_C4_54 | B98: 54 | C98: AGNES | D98: D11-1 | E98: FRAME | F98: FRAME | DN98: 1
A99: AB1171_C3_61 | B99: 61 | C99: AGNES | D99: T30S1-1 | DN99: 1
A100: AB1172S_C2_58 | B100: 58 | C100: AGNES | D100: D12-1 | E100: SUNGLASS | G100: 3480 | DN100: 1
A101: AB2067_C176_50 | B101: 50 | C101: AGNES | D101: T31S2-1 | E101: CATEYE FULL SHEET FRAME | G101: 1250 | DN101: 1
...

Sheet Sheet34

Sheet Sheet29
A1: AR8011 | B1: 502613 | C1: 53
A2: AO 1.6 CRHMC
A3: HC
A4: ARC
A5: PG
A6: Blue cut PG
A7: CRKT
A8: CRKT ARC
A9: Bluecut CRKT
A10: Blue ray Progressive
A11: BLUECUT HMC
A12: ZEISS BC
A13: PG 6 LINE
... A32: AZEETA SHEET
A33: AB1084 | B33: C2 | C33: 53
A34: AB1084 | B34: C4 | C34: 53
A35: AB1087 | B35: C3 | C35: 53
A36: AB1087 | B36: C4 | C36: 53
A37: AB1090 | B37: C1 | C37: 53
A38: AB1090 | B38: C2 | C38: 53
A39: AB1090 | B39: C3 | C39: 53
A40: AB1090 | B40: C4 | C40: 53
A41: AB1094 | B41: C3 | C41: 53
A42: AG1098 | B42: C4 | C42: 49
A43: AB1098 | B43: C5 | C43: 49
A44: AB1098 | B44: C6 | C44: 49
... A147: AB16T150 | B147: C3 | C147: 51
A148: BE4193 | B148: 300213 | C148: 57
A149: BE4201 | B149: 300273 | C149: 58
A150: BE20030 | B150: C01 | C150: M
A151: BIOTRUE SOLUTION 60 ml+SILK LENS SOLUTION
A152: BIOTRUE SOLUTION 120 ml
A153: BIOTRUE 300 ML
A154: RENU | B154: LENSSOLUTION | C154: 120
A155: RENU SOLUTION 300ML
A156: RENU | B156: LENSSOLUTION | C156: 60
A157: BIOFLEX OCCLUSION EYE PATCH (REGULAR)
A158: BRATS & DOLLS
A159: BV2162B | B159: 376 | C159: 53
A160: CKJ751S | B160: 2 | C160: 59
A161: CK1089 | B161: 28 | C161: 58
A162: CK3154 | B162: 214 | C162: 62
A163: CK3161S | B163: 3 | C163: 58
A164: CK3161S | B164: 4 | C164: 58
A165: CK3152S | B165: 1 | C165: 57
A166: CK4216 | B166: 320 | C166: 56
A167: CK4151 | B167: 1 | C167: 56
A168: CK4223 | B168: 1 | C168: 52
A169: CK4223 | B169: 377 | C169: 52
A170: CUP Goggles/SUNGLASS PROTECTIVE
A171: DG1229 | B171: 61 | C171: 53
A172: DG1231 | B172: 488 | C172: 54
A173: DL5134V | B173: A05 | C173: 53
A174: DL5122V | B174: 5 | C174: 53
A175: DL5072 | B175: COL052 | C175: 53
A176: DL5107 | B176: 2 | C176: 55
A177: DL5134V | B177: A56 | C177: 53
A178: DL5218V | B178: 68 | C178: 53
A179: DISNEY
A180: DJ0301 | B180: GUN | C180: 52
A181: DJ0301 | B181: M GUN | C181: 52
A182: DJ0301 | B182: BLK | C182: 52
A183: DJ084 | B183: C4 | C183: 52
A184: DJ15T128 | B184: C2 | C184: 51
A185: DJ15T156 | B185: C5 | C185: 53
A186: DJ15T158 | B186: C1 | C186: 53
A187: DJ15T158 | B187: C5 | C187: 53
A188: DJ15T162 | B188: C2 | C188: 52
A189: DJ16T143 | B189: C1 | C189: 53
A190: DJ16T143 | B190: C2 | C190: 53
A191: DJ16T149 | B191: C1 | C191: 53
... A205: DJ3132 | B205: C3 | C205: 52
A206: DJ3134 | B206: C1 | C206: 51(11)
A207: DJ3134 | B207: C1 | C207: 51(5)
A208: DJ3146 | B208: C1 | C208: 50
A209: DJ3179 | B209: C1 | C209: 51
A210: DJ3179 | B210: C3 | C210: 51
A211: DJ9135 | B211: C4 | C211: 48
A212: DJ2070 | B212: C646 | C212: 49
A213: DJ2062 | B213: 548 | C213: 55
A214: DJ2100 | B214: C1 | C214: 49
A215: DJ9105 | B215: C1 | C215: 51
A216: DJ9105 | B216: C2 | C216: 51
A217: DJ9105 | B217: C3 | C217: 51
A218: DJ2098 | B218: C226 | C218: 47
A219: DJ2096 | B219: C226 | C219: 50
A220: DJ2096 | B220: C225 | C220: 50
A221: DJ2050 | B221: C234 | C221: 50
A222: DJ2076 | B222: C230 | C222: 50
A223: DJ2076 | B223: C614 | C223: 50
A224: DJ2076 | B224: C225 | C224: 50
A225: DJ3197 | B225: C6 | C225: 53
A226: DJ3683 | B226: DP | C226: 53
A227: DJ0501 | B227: 135 | C227: 50
A228: DJ0502 | B228: 138 | C228: 53
A229: DJ8235 | B229: DP | C229: 53
A230: DJ8783 | B230: C6 | C230: 52
A231: DJ1805 | B231: C611 | C231: 51
A232: DJ1822 | B232: C2 | C232: 52
A233: DJ1823 | B233: C755 | C233: 54
...

Sheet Ray-Ban Working Sheet
A1: SKU | B1: Brands | C1: TYPE | D1: 30/9/22 | E1: 22/4/2023
A2: RB2132_710_58 | B2: RAYBAN | C2: SUNGLASS | D2: 2 | E2: 2
A3: RB2132_71051_55 | B3: RAYBAN | C3: SUNGLASS | D3: 4 | E3: 4
A4: RB2132_90158_55 | B4: RAYBAN | C4: SUNGLASS | D4: 1 | E4: 1
A5: RB2140_955_52 | B5: RAYBAN | C5: SUNGLASS | D5: 1
A6: RB2180_6277B1_49 | B6: RAYBAN | C6: SUNGLASS | D6: 1
A7: RB2448N_710_51 | B7: RAYBAN | C7: SUNGLASS | D7: 1
A8: RB3016_114517_51 | B8: RAYBAN | C8: SUNGLASS | D8: 1
A9: RB3025_00168_58 | B9: RAYBAN | C9: SUNGLASS | D9: 1
A10: RB3016_1160_51 | B10: RAYBAN | C10: SUNGLASS | D10: 1
A11: RB3025_00133_58 | B11: RAYBAN | C11: SUNGLASS | D11: 2
A12: RB3025_0013E_55 | B12: RAYBAN | C12: SUNGLASS | D12: 1
A13: RB3025_0013E_62 | B13: RAYBAN | C13: SUNGLASS | D13: 1
A14: RB3025_0013F_58 | B14: RAYBAN | C14: SUNGLASS | D14: 8
A15: RB3025_00151_55 | B15: RAYBAN | C15: SUNGLASS | D15: 1
A16: RB3025_00151_58 | B16: RAYBAN | C16: SUNGLASS | D16: 10
... A100: RX7129_5577_54 | B100: RAYBAN | C100: FRAME | D100: 1

Sheet FT SECO ALIAS
A1: VO5
A2: FTC046_BK1_M | B2: 1 | C2: =VLOOKUP(A2,$G$2:$H$305,2,0) -> FT_C046BK1_M | G2: FTC046_BK1_M
A3: FTC046_BR3_M | B3: 2 | C3: =VLOOKUP(A3,$G$2:$H$305,2,0) -> FT_C046BR3_M | G3: FTC046_BR3_M
A4: FTC060_BK2_M | B4: 1 | C4: =VLOOKUP(A4,$G$2:$H$305,2,0) -> FT_C060BK2_M | G4: FTC046_PR2_M
A5: FTC066_BR2F_M | B5: 2 | C5: =VLOOKUP(A5,$G$2:$H$305,2,0) -> FT_C066BR2F_M | G5: FTC056_PR2F_M
A6: FTM035_BR6_M | B6: 1 | C6: =VLOOKUP(A6,$G$2:$H$305,2,0) -> FT_M035BR6_M | G6: FTC057_BR1F_M
A7: FTM067_BR4_M | B7: 1 | C7: =VLOOKUP(A7,$G$2:$H$305,2,0) -> FT_M067BR4_M | G7: FTC060_BK2_M
A8: FTM083_BR2F_M | B8: 1 | C8: =VLOOKUP(A8,$G$2:$H$305,2,0) -> FT_M083BR2F_M | G8: FTC062_BR1F_M
A9: FTM101_BR3P_M | B9: 3 | C9: =VLOOKUP(A9,$G$2:$H$305,2,0) -> FT_M101BR3P_M | G9: FTC066_BR2F_M
A10: FTM144_BR2_M | B10: 2 | C10: =VLOOKUP(A10,$G$2:$H$305,2,0) -> FT_M144BR2_M | G10: FTC066_BK3F_M
A11: FTM175_BR1F_M | B11: 1 | C11: =VLOOKUP(A11,$G$2:$H$305,2,0) -> FT_M175BR1F_M | G11: FTC077_BK1_M
A12: FTP161_BR1F_M | B12: 1 | C12: =VLOOKUP(A12,$G$2:$H$305,2,0) -> FT_P161BR1F_M | G12: FTC078_BR2F_M
A13: FTP176_BR1FP_M | B13: 1 | C13: =VLOOKUP(A13,$G$2:$H$305,2,0) -> FT_P176BR1FP_M | G13: FTC078_BR3F_M
... A18: FTP218_BR2FP_M | B18: 1 | C18: =VLOOKUP(A18,$G$2:$H$305,2,0) -> FT_P218BR2FP_M | G18: FTM062_BR3_M
A19: FTP256_PR2F_M | B19: 1 | C19: FTP256_PR2F_M | G19: FTM067_BR4_M
A20: FTP307_BK1FP_M | B20: 2 | C20: =VLOOKUP(A20,$G$2:$H$305,2,0) -> FT_P307BK1FP_M | G20: FTM069_BR1_M
A21: FTP308_BR3F_M | B21: 1 | C21: =VLOOKUP(A21,$G$2:$H$305,2,0) -> FT_P308BR3F_M | G21: FTM083_BR2F_M
A22: FTP337_BR2F_M | B22: 1 | C22: =VLOOKUP(A22,$G$2:$H$305,2,0) -> FT_P337BR2F_M | G22: FTM083_GY1F_M
A23: FTPC001_BR23_M | B23: 1 | C23: =VLOOKUP(A23,$G$2:$H$305,2,0) -> FT_PC001BR23_M | G23: FTM083_PR3F_M
A24: FTPC002_BK5_M | B24: 1 | C24: =VLOOKUP(A24,$G$2:$H$305,2,0) -> FT_PC002BK5_M | G24: FTM101_BR3P_M
A25: FTP220_BR2F_M | B25: 1 | C25: =VLOOKUP(A25,$G$2:$H$305,2,0) -> FT_P220BR2F_M | G25: FTM102_BK2_M
G26: FTM144_BR2_M
G27: FTM148_BU1_M
G28: FTM154_BR2_M
G29: FTM173_BK1_M
G30: FTM173_GR3_M
G31: FTM175_BR1F_M
G32: FTM177_BK3F_M
G33: FTP040_BK1_M
G34: FTP040_BR2_M
G35: FTP089_BK1_M
G36: FTP089_BR2_M
G37: FTP117_BK2_M
... G305: FTR040_BR2_M

Sheet Form Responses 1
B1: Choose Category | C1: Mention SKU Code | D1: Units Moved | E1: MRP | F1: Location on Racks | G1: Date
A2: 43083.639 | B2: Inwarded | C2: RB2132_622_58 | D2: 2 | E2: 6990 | F2: A1 | G2: 43083
A3: 43083.641 | B3: Inwarded | C3: RB2132_622_58 | D3: 1 | E3: 7090 | F3: A1 | G3: 43083
A4: 43083.643 | B4: Inwarded | C4: RB2132_710_58 | D4: 2 | E4: 6990 | F4: A1 | G4: 43083
A5: 43083.646 | B5: Inwarded | C5: RB2140_1187_50 | D5: 1 | E5: 7490 | F5: A1 | G5: 43083
A6: 43083.649 | B6: Inwarded | C6: RB2180_616587_49 | D6: 1 | E6: 7490 | F6: A1 | G6: 43083
A7: 43083.654 | B7: Inwarded | C7: RB3025_00133_58 | D7: 2 | E7: 7690 | F7: A1 | G7: 43083
A8: 43083.672 | B8: Inwarded | C8: RB3025_0013E_58 | D8: 1 | E8: 6490 | F8: A1 | G8: 43083
A9: 43083.678 | B9: Inwarded | C9: RB3025_0013F_58 | D9: 1 | E9: 6490 | F9: A1 | G9: 43083
A10: 43083.681 | B10: Inwarded | C10: RB3025_0013F_58 | D10: 2 | E10: 8190 | F10: A1 | G10: 43083
A11: 43083.687 | B11: Inwarded | C11: RB3025_0014F_58 | D11: 1 | E11: 7490 | F11: A1 | G11: 43083
A12: 43083.688 | B12: Inwarded | C12: RB3025_0013K_58 | D12: 2 | E12: 6490 | F12: A1 | G12: 43083
A13: 43083.696 | B13: Inwarded | C13: RB3025_00151_58 | D13: 3 | E13: 6490 | F13: A1 | G13: 43083
... A63: 43086.706 | B63: Inwarded | C63: RB4194_60171_53 | D63: 1 | E63: 4490 | F63: A5 | G63: 43086
A64: 43086.706 | B64: Inwarded | C64: RB4187_60155_54 | D64: 1 | F64: A5 | G64: 43086
A65: 43086.724 | B65: Inwarded | C65: RB4175_87730_57 | D65: 1 | E65: 8490 | F65: A5 | G65: 43086
A66: 43086.724 | B66: Inwarded | C66: RB4205_6018G_56 | D66: 1 | E66: 4490 | F66: A5 | G66: 43086
A67: 43086.725 | B67: Inwarded | C67: RB4226_618871_56 | D67: 1 | E67: 6990 | G67: 43086
A68: 43086.726 | B68: Inwarded | C68: RB4227_60528G_55 | D68: 1 | E68: 7490 | F68: A5 | G68: 43086
A69: 43086.729 | B69: Inwarded | C69: RB4227_619388_55 | D69: 1 | E69: 7490 | F69: A5 | G69: 43086
A70: 43086.731 | B70: Inwarded | C70: RB4228_618588_58 | D70: 1 | E70: 7990 | F70: A5 | G70: 43086
A71: 43086.732 | B71: Inwarded | C71: RB4251_71013_56 | D71: 1 | E71: 4490 | F71: A5 | G71: 43086
A72: 43087.695 | B72: Inwarded | C72: RB4251_623311_56 | D72: 3 | E72: 4490 | F72: A5 | G72: 43057
A73: 43087.697 | B73: Inwarded | C73: RB4232_619671_57 | D73: 1 | E73: 6490 | F73: A5 | G73: 43057
A74: 43087.699 | B74: Inwarded | C74: RB4251_6018G_56 | D74: 1 | E74: 4490 | F74: A5 | G74: 43057
A75: 43087.701 | B75: Inwarded | C75: RB4211_601S71_56 | D75: 1 | E75: 10490 | F75: A5 | G75: 43057
A76: 43087.72 | B76: Inwarded | C76: RB4251_6019A_56 | D76: 2 | E76: 5290 | F76: A5 | G76: 43087
A77: 43087.721 | B77: Inwarded | C77: RB4251_71071_56 | D77: 2 | E77: 4490 | F77: A6 | G77: 43057
A78: 43087.731 | B78: Inwarded | C78: RB4252_71013_51 | D78: 2 | E78: 5290 | F78: A6 | G78: 43087
A79: 43088.786 | B79: Inwarded | C79: RX6325_2841_53 | D79: 1 | E79: 4290 | F79: A5 | G79: 43088
A80: 43088.787 | B80: Order | C80: RB3471_00113_32 | D80: 1 | F80: A5 | G80: 43058
A81: 43088.788 | B81: Order | C81: RB3025_11217_55 | D81: 1 | F81: A5 | G81: 43088
A82: 43088.789 | B82: Order | C82: RB3025_11217_62 | D82: 1 | F82: A5 | G82: 43088
A83: 43092.64 | B83: Inwarded | C83: RB4252_623419_51 | D83: 3 | E83: 4490 | F83: A6 | G83: 43092
A84: 43092.642 | B84: Inwarded | C84: RB4265_6015J_62 | D84: 1 | E84: 8990 | F84: A6 | G84: 43090
A85: 43092.644 | B85: Inwarded | C85: RB4258_60171_50 | D85: 2 | E85: 6990 | F85: A6 | G85: 43092
A86: 43092.647 | B86: Inwarded | C86: RB4258_71073_50 | D86: 2 | E86: 6990 | F86: A6 | G86: 43092
A87: 43092.652 | B87: Inwarded | C87: RB4273_6019A_52 | D87: 1 | E87: 9690 | F87: A6 | G87: 43092
A88: 43092.655 | B88: Inwarded | C88: RX6049_2502_55 | D88: 6 | E88: 3390 | F88: A6 | G88: 43092
A89: 43092.657 | B89: Inwarded | C89: RX6049_2500_52 | D89: 1 | E89: 4490 | F89: A6 | G89: 43092
A90: 43092.661 | B90: Inwarded | C90: RX6049_2500_55 | D90: 1 | E90: 3390 | F90: A6 | G90: 43092
A91: 43092.662 | B91: Inwarded | C91: RX6304_2501_52 | D91: 1 | E91: 4290 | F91: A6 | G91: 43092
A92: 43092.668 | B92: Inwarded | C92: RX6324_2500_54 | D92: 1 | E92: 4290 | F92: A6 | G92: 43092
A93: 43092.669 | B93: Inwarded | C93: RX6325_2502_55 | D93: 1 | E93: 4290 | F93: A6 | G93: 43092
A94: 43092.671 | B94: Inwarded | C94: RX6384_2509_52 | D94: 1 | E94: 4990 | F94: A6 | G94: 43092
... A430: 43110.648 | B430: Inwarded | C430: VO2899_W44_51 | D430: 2 | E430: 3790 | F430: H1 | G430: 43110
A431: 43110.651 | B431: Inwarded | C431: VO2906_W44_52 | E431: 3790 | F431: H2 | G431: 43110
A432: 43110.652 | B432: Inwarded | C432: VO2906_2249_52 | D432: 2 | E432: 3790 | F432: H2 | G432: 43110
A433: 43110.653 | B433: Inwarded | C433: VO2906_2249_53 | D433: 3 | E433: 3790 | F433: H2 | G433: 43110
A434: 43110.655 | B434: Inwarded | C434: VO2908_2257_51 | D434: 2 | E434: 4290 | F434: H2 | G434: 43110
A435: 43110.657 | B435: Inwarded | C435: VO2909_W44_54 | D435: 1 | E435: 4590 | F435: H2 | G435: 43110
A436: 43110.659 | B436: Inwarded | C436: VO2937_W44_51 | D436: 1 | E436: 4990 | F436: H2 | G436: 43110
A437: 43110.66 | B437: Inwarded | C437: VO2950_2048_51 | D437: 4 | E437: 3790 | F437: H2 | G437: 43110
A438: 43110.662 | B438: Inwarded | C438: VO2925_W827_53 | D438: 1 | E438: 3490 | F438: H2 | G438: 43110
A439: 43110.684 | B439: Order | C439: FTPC001_GL27_M | D439: 1 | E439: 995 | F439: A9 | G439: 43109
A440: 43110.687 | B440: Order | C440: CK4224S_004_57 | D440: 1 | F440: D1 | G440: 43109
A441: 43111.546 | B441: Inwarded | C441: VO2950_2048_53 | D441: 2 | E441: 3790 | F441: F2 | G441: 43111
A442: 43111.547 | B442: Inwarded | C442: VO2816_W745_52 | D442: 1 | E442: 4290 | F442: H1 | G442: 43111
A443: 43111.547 | B443: Inwarded | C443: VO2816_2182_52 | D443: 1 | E443: 4290 | F443: H1 | G443: 43111
A444: 43111.549 | B444: Inwarded | C444: VO3763_352_52 | D444: 1 | E444: 3990 | F444: H2 | G444: 43111
A445: 43111.551 | B445: Inwarded | C445: VO3843_813_50 | D445: 5 | E445: 3090 | F445: H2 | G445: 43111
A446: 43111.551 | B446: Inwarded | C446: VO3843_756_50 | D446: 2 | E446: 3290 | F446: H2 | G446: 43111
A447: 43111.553 | B447: Inwarded | C447: VO3843_756_50 | D447: 3 | E447: 3290 | F447: H2 | G447: 43111
A448: 43111.574 | B448: Inwarded | C448: VO3845B_548_50 | D448: 1 | E448: 3990 | F448: H2 | G448: 43111
A449: 43111.579 | B449: Inwarded | C449: VO3838_352S_53 | D449: 1 | E449: 3490 | F449: H2 | G449: 43111
A450: 43111.58 | B450: Inwarded | C450: VO3893_280_52 | D450: 1 | E450: 3290 | F450: H2 | G450: 43111
A451: 43111.581 | B451: Inwarded | C451: VO3955B_352_51 | D451: 9 | E451: 3290 | F451: H3 | G451: 43111
A452: 43111.583 | B452: Inwarded | C452: VO3980_352S_52 | D452: 3 | E452: 3790 | F452: H3 | G452: 43111
... A601: 43114.644 | B601: Inwarded | C601: PA7058_C03_M | D601: 1 | E601: 3375 | F601: J1 | G601: 43114
A602: 43114.669 | B602: Inwarded | C602: ID1500_C1_50 | D602: 1 | G602: 43114
A603: 43114.688 | B603: Inwarded | C603: ID1525_C1_55 | D603: 1 | E603: 1980 | F603: ITS | G603: 43114
A604: 43114.689 | B604: Inwarded | C604: ID1499_C7_53 | D604: 1 | E604: 2450 | F604: ITS | G604: 43114
A605: 43114.689 | B605: Inwarded | C605: ID1499_C2_53 | D605: 1 | E605: 1980 | F605: ITS | G605: 43114
A606: 43114.69 | B606: Inwarded | C606: ID1500_C5_50 | D606: 1 | E606: 2450 | F606: ITS | G606: 43114
A607: 43114.692 | B607: Inwarded | C607: ID1529_C2_54 | D607: 1 | E607: 1980 | F607: ITS | G607: 43114
A608: 43114.692 | B608: Inwarded | C608: ID1405_C2_48 | D608: 1 | E608: 1980 | F608: ITS | G608: 43114
A609: 43114.693 | B609: Inwarded | C609: ID1528_C1_51 | D609: 1 | E609: 1980 | F609: ITS | G609: 43114
A610: 43114.693 | B610: Inwarded | C610: ID1525_C2_55 | D610: 1 | E610: 1980 | F610: ITS | G610: 43114
A611: 43114.694 | B611: Inwarded | C611: ID1523)C4_52 | D611: 1 | E611: 2380 | F611: ITS | G611: 43114
A612: 43114.695 | B612: Inwarded | C612: ID1521_C1_51 | D612: 1 | E612: 2150 | F612: ITS | G612: 43114
A613: 43114.696 | B613: Inwarded | C613: ID1507_C3_48 | D613: 1 | E613: 2150 | F613: ITS | G613: 43114
A614: 43114.696 | B614: Inwarded | C614: ID1518_C3_53 | D614: 1 | E614: 1980 | F614: ITS | G614: 43448
... A659: 43117.498 | B659: Inwarded | C659: VO2767_1947_50 | D659: 1 | E659: 3990 | F659: f1 | G659: 43117
A660: 43117.498 | B660: Inwarded | C660: VO2899_W65613_54 | D660: 1 | F660: f1 | G660: 43117
A661: 43117.5 | B661: Inwarded | C661: VO2915S_231148_53 | D661: 2 | E661: 4590 | F661: f1 | G661: 43117
A662: 43117.504 | B662: Inwarded | C662: VO5118S_W4411_57 | D662: 1 | E662: 3990 | F662: f1 | G662: 43117
A663: 43117.508 | B663: Inwarded | C663: VO4013_352_51 | D663: 1 | E663: 5290 | F663: F1 | G663: 43117
A664: 43117.51 | B664: Inwarded | C664: VO2906_2249_53 | D664: 1 | E664: 3790 | F664: F1 | G664: 43117
A665: 43117.511 | B665: Inwarded | C665: VO3691B_756_50 | D665: 1 | E665: 5290 | F665: F1 | G665: 43117
A666: 43117.512 | B666: Inwarded | C666: VO2789B_W656_52 | D666: 1 | E666: 4290 | F666: F1 | G666: 43117
A667: 43117.551 | B667: Inwarded | C667: SL234T_C3_51 | D667: 1 | E667: 3800 | F667: ITB | G667: 43117
A668: 43117.552 | B668: Inwarded | C668: SL2304T_C2_51 | D668: 1 | E668: 3800 | F668: ITB | G668: 43117
A669: 43117.553 | B669: Inwarded | C669: SL2305T_C3_51 | D669: 1 | E669: 3800 | F669: ITB | G669: 43124
A670: 43117.554 | B670: Inwarded | C670: SL55110_C3_52 | D670: 1 | E670: 2000 | F670: ITB | G670: 43117
A671: 43117.555 | B671: Inwarded | C671: SL55102_C4_51 | D671: 1 | E671: 2000 | F671: ITB | G671: 43117
A672: 43117.556 | B672: Inwarded | C672: SL55112_C1_53 | D672: 1 | E672: 2000 | F672: ITB | G672: 43117
... A720: 43142.621 | B720: Inwarded | C720: FTP199_GR1_M | D720: 1 | E720: 1495 | F720: A12 | G720: 43142
A721: 43184.764 | B721: Order | C721: FTP309_BK1F_M | D721: 1 | E721: 1650 | G721: 43184
A722: 43184.766 | B722: Order | C722: PA7069_CO3_M | D722: 1 | E722: 2375 | G722: 43184
A723: 43184.771 | B723: Order | C723: IDS1700_C5_M | D723: 1 | E723: 2250 | G723: 43184
...

Sheet Sheet12
A2: SKU | B2: 30/5/19 | C2: MRP | D2: REMARKS | E2: CONDITION | G2: 26/4/2022
A3: LL;. | B3: 1 | E3: CLEANING
A4: BE20030_COL01_60 | B4: 1 | C4: 17090 | D4: CHD RETURN | E4: SCRATCH
A5: BE4193_300213_57 | B5: 1 | C5: 15000 | D5: CHD RETURN | E5: WITHOUT COVER
A6: CK720S_240_57 | B6: 1 | E6: SCRATCH | F6: DISPLAY | G6: 0
A7: DG1231_488_54 | B7: 1 | C7: 14700 | D7: CHD RETURN | E7: WITOUT COVER
A8: DJ_C3 | B8: 1 | D8: DAVID JONES | E8: TEMPLE CODE DAMAGE | F8: BOX-1 | G8: 1
A9: FT_C046BK1_M | B9: 1 | C9: 2099 | E9: SCRATCH SUNGLASS | F9: NA | G9: 1
A10: FT_C060BU1_M | B10: 1 | E10: SCRATCH SUNGLASS | F10: BOX-1 | G10: 1
A11: FT_C065BK1F_M | B11: 1 | E11: SUNGLASS | F11: D4-1 | G11: 1
A12: FT_C067BK1_M | B12: 1 | E12: SUNGLASS | F12: C6R2-1 | G12: 1
A13: FT_C071GR3P_M | E13: Damage | F13: BOX-1 | G13: 1
A14: FT_C072BK2_M | B14: 1 | E14: SCRATCH SUNGLASS
A15: FT_M032BU1_M | E15: SCRATCH | F15: BOX-1 | G15: 1
A16: FT_M035GR5P_M | B16: 1 | E16: SCRATCH SUNGLASS+CODE DAMAGE | F16: BOX-1 | G16: 1
A17: FT_M035GY1_M | B17: 1 | E17: SCRATCH SUNGLASS | F17: BOX-1 | G17: 1
A18: FT_M050BK13P_M | B18: 1 | E18: SCRATCH SUNGLASS | F18: BOX-1 | G18: 1
A19: FT_M062BR3_M | B19: 1 | E19: SCRATCH SUNGLASS
A20: FT_M069BR1_M | B20: 1 | C20: 2699 | E20: SCRATCH SUNGLASS | F20: D4-1 | G20: 1
A21: FT_M083BU5F_M | B21: 1 | E21: SCRATCH SUNGLASS
A22: FT_M101BR3P_M | E22: Glass Damage | F22: C6R2-1
A23: FT_M102BR2_M | B23: 1 | E23: SCRATCH SUNGLASS
A24: FT_M140BU2_M | B24: 1 | C24: 2299 | E24: SCRATCH SUNGLASS | F24: D4-1 | G24: 1
A25: FT_M143BK1_M | B25: 1 | E25: SCRATCH SUNGLASS
A26: FT_M148BU1_M | B26: 1 | C26: 2799 | E26: SCRATCH SUNGLASS | F26: D4-1,BOX-1 | G26: 2
A27: FT_M165BR12_M | B27: 1 | E27: DAMAGE-1 | G27: 1
A28: FT_M171BK1_M | B28: 1 | C28: 2299 | E28: SCRATCH SUNGLASS | F28: D4-1 | G28: 1
A29: FT_M175BR1F_M | B29: 1 | E29: SCRATCH SUNGLASS
A30: FT_M186GR2P_M | B30: 1 | C30: 2099 | E30: SCRATCH SUNGLASS | F30: D4-1 | G30: 1
A31: FT_M187BK1_M | B31: 1 | C31: 1999 | E31: SCRATCH SUNGLASS | F31: D4-1 | G31: 1
A32: FT_N148BU1_M | B32: 1 | E32: SCRATCH SUNGLASS | G32: 1
A33: FT_P150BK3F_M | B33: 2 | D33: CHD RETURN | E33: GLASSES MISSING SUNGLASS-1PCS+SCRATCH-1 PCS | F33: BOX-2 | G33: 2
A34: FT_NBP300GR3_M | B34: 1 | D34: CHD RETURN | E34: BTOKEN FRAME/GLASSES SUNGLASS | G34: 1
A35: FT_NBP357BK5P_55 | B35: 1 | D35: NA | E35: SCRATCH SUNGLASS | G35: 0
A36: FT_P046BK1_M | B36: 1 | C36: DS2 | E36: DAMAGE SUNGLASS | G36: 1
A37: FT_P089GR3_M | B37: 1 | E37: DAMAGE SUNGLASS | F37: DAM-1
A38: FT_P089WH4_M | B38: 2 | E38: SCRATCH SUNGLASS | F38: D3-2 | G38: 2
A39: FT_P220BR2F_M | B39: 1 | E39: SCRATCH SUNGLASS
A40: FT_P222GR1_M | B40: 1 | E40: GLASS MISSING SUNGLASS
A41: FT_P230BK1_M | B41: 1 | E41: SUNGLASS | G41: 1
A42: FT_P236BK1_M | B42: 1 | E42: DAMAGE SUNGLASS | F42: BOX-1 | G42: 1
A43: FT_P241BK1_M | B43: 1 | E43: SUNGLASS | G43: 1
A44: FT_P241BK1_M | B44: 1 | E44: SCRATCH SUNGLASS | G44: 1
A45: FT_P260BR1_M | B45: 1 | E45: SCRATCH SUNGLASS | F45: REPAIR | G45: 1
A46: FT_P295BK2_M | B46: 1 | C46: 2299 | D46: CODE DAMAGE | E46: SCRATCH SUNGLASS | F46: D3-1 | G46: 1
A47: FT_P300GR3_M | B47: 1 | C47: 2099 | E47: SCRATCH SUNGLASS | F47: NA | G47: 0
A48: FT_P315GR1_M | B48: 1 | C48: 1699 | E48: SCRATCH SUNGLASS | F48: D4-1,Box-1 | G48: 1
A49: FT_P321GR3_M | B49: 1 | C49: 2799 | E49: SCRATCH SUNGLASS | F49: D4-1 | G49: 1
A50: FT_P322BK1_M | B50: 0 | C50: 1395 | E50: SUNGLASS
A51: FT_P322BK3P_M | B51: 1 | E51: SCRATCH SUNGLASS
A52: FT_P322BR2_M | B52: 1 | C52: 1395 | E52: SCRATCH SUNGLASS | F52: D3-1 | G52: 1
A53: FT_P323BK1_M | B53: 1 | C53: 3490 | E53: PC OK SUNGLASS
A54: FT_P352BK3_M | B54: 1 | C54: 1099 | E54: SCRATCH SUNGLASS | F54: D4-1 | G54: 1
A55: FT_P353BU1_M | B55: 0 | E55: SCRATCH SUNGLASS | F55: NANHE LAL(27/12)
A56: FT_P354OR3_M | B56: 1 | E56: DAM-1 | G56: 1
A57: FT_P357BK1V_M | B57: 1 | E57: Normal | F57: D4-1
A58: FT_P357BR3_M | B58: 1 | E58: SCRATCH SUNGLASS | F58: D4-1 | G58: 1
A59: FT_P358BK2_M | B59: 1 | E59: BOX SUNGLASS
A60: FT_P392BK2_M | B60: 1 | C60: 921 | D60: FASTRACK | E60: SCRATCH SUNGLASS | F60: D3-1 | G60: 1
A61: FT_P410BK2_M | B61: 1 | E61: SUNGLASS BREAK | F61: BOX-1 | G61: 1
A62: FT_PC001BR31P_M | B62: 1 | E62: SUNGLASS | F62: REPAIR | G62: 1
A63: FT_PC001BU13_M | B63: 1 | C63: 850 | E63: SCRATCH SUNGLASS+CODE DAMAGE | F63: D4-1 | G63: 1
A64: FT_PC001RD13_M | B64: 1 | D64: TEMPLE CODE DAMAGE | E64: D4-1 | G64: 1
A65: G170PYFL9B_60 | B65: 1 | C65: 3295 | D65: TITAN | E65: SCRATCH(SUNGLASS) | F65: C7R1 | G65: 1
A66: ID1932_C4_62 | B66: 1 | D66: IDEE | E66: SCRATCH FRAME | G66: 1
A67: ID2001_C59P_58 | B67: 1 | C67: 2450 | D67: IDEE | E67: SCRATCH | F67: D2-1 | G67: 1
A68: IDO208_C1_53 | B68: 1 | C68: 1500 | D68: IDEE | E68: SCRATCH FRAME | F68: D1-1 | G68: 1
A69: IDS 1475_C2_1 | B69: 1 | D69: IDEE | E69: CODE | F69: DS4-1 | G69: 1
A70: IDS_C2_56 | B70: 1 | D70: IDEE | E70: SCRATCH+TEMPLE CODE DAMAGE | F70: D1-1 | G70: 1
A71: IDS1655_COL2_F | B71: 1 | C71: 2800 | D71: IDEE | E71: SCRATCH CHD RETURN SUNGLASS
A72: IDS2942_C1_56 | B72: 1 | D72: IDEE | E72: SCRATCH SUNGLASS | F72: D8-1 | G72: 1
A73: IDS1745_C1_58 | B73: 1 | C73: 1950 | D73: IDEE | E73: SCRATCH SUNGLASS | F73: D1-1 | G73: 1
A74: IDS1745_C2_58 | B74: 1 | C74: 1950 | D74: IDEE | E74: SCRATCH SUNGLASS | F74: BOX-1
A75: IDS1844_C10_54 | B75: 1 | C75: 1750 | D75: IDEE | E75: TEMPLE BROKEN(SUNGLASS) | F75: C7R3 | G75: 1
A76: IDS1899_C3_64 | B76: 1 | D76: IDEE | E76: DAMAGE SUNGLASS | F76: BOX-1 | G76: 1
A77: IDS1947_C7_53 | B77: 1 | C77: 2730 | D77: IDEE | E77: SCRATCH SUNGLASS | F77: BOX-1 | G77: 1
A78: IDS2045_C1_56 | B78: 1 | D78: IDEE | E78: TEMPLE CODE DAMAGE | F78: D8-1 | G78: 1
A79: IDS2192_C2_56 | B79: 1 | C79: 2380 | D79: IDEE | E79: SUNGLASS
A80: IDS2351_C3_56 | B80: 1 | D80: IDEE | E80: SCRATCH SUNGLASS | F80: C6R3B3 | G80: 1
A81: IDS2384_C7_53 | B81: 1 | C81: 2350 | D81: IDEE | E81: SUNGLASS
A82: IDS2404_C4P_57 | B82: 1 | C82: 2590 | D82: IDEE | E82: SUNGLASS | F82: BOX-1
A83: IDS2405_C2_57 | D83: IDEE | E83: Damaged | F83: BOX-1
A84: IDS2408_C3_M | B84: 1 | C84: 2350 | D84: IDEE | E84: SCRATCH SUNGLASS | G84: 1
A85: IDS2415_C1_M | B85: 1 | C85: 2550 | D85: IDEE | E85: SCRATCH SUNGLASS | F85: BOX-1 | G85: 1
A86: IDS2470_C3P_52 | B86: 1 | C86: 2780 | D86: IDEE | E86: SUNGLASS PCS DAMAGE | F86: BOX-1 | G86: 1
A87: IDS2485_C11P_57 | B87: 1 | C87: 2350 | D87: IDEE | E87: SUNGLASS | F87: D8-1
A88: IDS2486_C2_53 | B88: 1 | C88: 2780 | D88: IDEE | E88: SCRATCH SUNGLASS | F88: C6R3B3 | G88: 1
A89: IDS2486_C2_58 | B89: 1 | D89: IDEE | E89: SCRATCH SUNGLASS
A90: IDS2500_C20_58 | B90: 1 | C90: 2350 | D90: IDEE | E90: SCRATCH SUNGLASS | F90: D8-1 | G90: 1
A91: IDS2500_C27_58 | B91: 1 | D91: IDEE | E91: SCRATCH SUNGLASS | F91: BOX-1 | G91: 1
A92: IDS2500_C44_58 | B92: 1 | C92: DS2 2780 | D92: IDEE | E92: SCRATCH SUNGLASS | F92: C6R3B3 | G92: 1
A93: IDS2508_c2_58 | B93: 1 | D93: IDEE | E93: SCRATCH SUNGLASS
A94: IDS2553_C4_53 | B94: 1 | D94: FULLY PCS DAMAGE | F94: BOX | G94: 1
A95: IDS2607_C1_58 | E95: Scratch | F95: BOX
A96: IDSO203_C3_55 | B96: 1 | D96: IDEE | E96: DUPLICATE PCS | F96: T39S3-1
A97: IZ281_C1_54 | B97: 2 | C97: 2500 | G97: 2
A98: OO9096_A6_60 | B98: 1 | C98: 7090 | D98: OAKLEY | E98: WITHOUT BOX | F98: T45S1-1 | G98: 1
A99: OO9102_02_55 | B99: 1 | D99: OAKLEY | E99: SCRATCH | F99: BOX-1 | G99: 1
A100: OO9102_36_57 | B100: 1 | C100: T45S1-1 | D100: OAKLEY | E100: C1R1B1-1 | F100: T45S1-1 | G100: 1
A101: OO9102_C1_55 | B101: 1 | D101: OAKLEY | E101: BOX
...

Sheet Dashboard
A1: SKU | B1: MRP | C1: SECO | D1: =VLOOKUP(A1,PIVOT!$A$4:$F$1900,6,0) -> #REF! | E1: CHECK
A2: 1 | B2: 5290 | C2: 0 | D2: 0 | E2: =IF(C2=D2,TRUE) -> TRUE
A3: AG16T150_C2_51 | B3: 1150 | C3: 0 | D3: 0 | E3: =IF(C3=D3,TRUE) -> TRUE
A4: AG4003_MV_51 | B4: 1150 | C4: 0 | D4: 0 | E4: =IF(C4=D4,TRUE) -> TRUE
A5: AG4018-BLK_52 | B5: 1150 | C5: 0 | D5: 0 | E5: =IF(C5=D5,TRUE) -> TRUE
A6: AG6671_C7_54 | B6: 1150 | C6: 1 | D6: =VLOOKUP(A6,PIVOT!$A$4:$F$1900,6,0) -> #REF! | E6: =IF(C6=D6,TRUE) -> #REF!
A7: AR8011_502613_53 | B7: 14820 | C7: 1 | D7: =VLOOKUP(A7,PIVOT!$A$4:$F$1900,6,0) -> #REF! | E7: =IF(C7=D7,TRUE) -> #REF!
A8: AZETA SHEET | B8: 1200 | C8: 13 | D8: =VLOOKUP(A8,PIVOT!$A$4:$F$1900,6,0) -> #REF! | E8: =IF(C8=D8,TRUE) -> #REF!
A9: BABY FRAMES SHEET | B9: 300 | C9: 44 | D9: =VLOOKUP(A9,PIVOT!$A$4:$F$1900,6,0) -> #REF! | E9: =IF(C9=D9,TRUE) -> #REF!
A10: BE3054_11293D_58 | B10: 12710 | C10: 0 | D10: 0 | E10: =IF(C10=D10,TRUE) -> TRUE
A11: BE3071_1005B2_57 | B11: 16500 | C11: 0 | D11: 0 | E11: =IF(C11=D11,TRUE) -> TRUE
A12: BE3072_100313_57 | C12: 0 | D12: 0 | E12: =IF(C12=D12,TRUE) -> TRUE
A13: BE3072_1003B2_57 | B13: 17000 | C13: 0 | D13: 0 | E13: =IF(C13=D13,TRUE) -> TRUE
A14: BE3072_1017B3_57 | B14: 15500 | C14: 0 | D14: 0 | E14: =IF(C14=D14,TRUE) -> TRUE
A15: BE3083_10085W_59 | B15: 11000 | C15: 0 | D15: 0 | E15: =IF(C15=D15,TRUE) -> TRUE
A16: BE4148_300273_55 | B16: 12790 | C16: 0 | D16: 0 | E16: =IF(C16=D16,TRUE) -> TRUE
A17: BE4153Q_34266H_58 | B17: 15000 | C17: 0 | D17: 0 | E17: =IF(C17=D17,TRUE) -> TRUE
A18: BE4170_300187_57 | B18: 14500 | C18: 0 | D18: 0 | E18: =IF(C18=D18,TRUE) -> TRUE
A19: BE4178_300111_58 | B19: 16500 | C19: 0 | D19: 0 | E19: =IF(C19=D19,TRUE) -> TRUE
A20: BE4190_300213_56 | B20: 13000 | C20: 0 | D20: 0 | E20: =IF(C20=D20,TRUE) -> TRUE
A21: BE4192_300213_56 | B21: 13000 | C21: 0 | D21: 0 | E21: =IF(C21=D21,TRUE) -> TRUE
A22: BE4193_300213_56 | B22: 15000 | C22: 0 | D22: 0 | E22: =IF(C22=D22,TRUE) -> TRUE
A23: BE4193_300213_57 | B23: 15000 | C23: 0 | D23: 0 | E23: =IF(C23=D23,TRUE) -> TRUE
A24: BE4194_300187_58 | B24: 10000 | C24: 0 | D24: 0 | E24: =IF(C24=D24,TRUE) -> TRUE
... A28: BE4214_355487_55 | B28: 10500 | C28: 0 | D28: 0 | E28: =IF(C28=D28,TRUE) -> TRUE
A29: BRAND SUPRA | B29: 1000 | C29: 51 | D29: =VLOOKUP(A29,PIVOT!$A$4:$F$1900,6,0) -> #REF! | E29: =IF(C29=D29,TRUE) -> #REF!
A30: BRATS & DOLLS | B30: 1000 | C30: 34 | D30: =VLOOKUP(A30,PIVOT!$A$4:$F$1900,6,0) -> #REF! | E30: =IF(C30=D30,TRUE) -> #REF!
A31: BV2162B_376_53 | B31: 24990 | C31: 0 | D31: 0 | E31: =IF(C31=D31,TRUE) -> TRUE
A32: CARTIER/CREAST | B32: 600 | C32: 2 | D32: =VLOOKUP(A32,PIVOT!$A$4:$F$1900,6,0) -> #REF! | E32: =IF(C32=D32,TRUE) -> #REF!
A33: CK1089S_028_58 | B33: 8750 | C33: 1 | D33: =VLOOKUP(A33,PIVOT!$A$4:$F$1900,6,0) -> #REF! | E33: =IF(C33=D33,TRUE) -> #REF!
A34: CK1145S_975_59 | B34: 8750 | C34: 1 | D34: =VLOOKUP(A34,PIVOT!$A$4:$F$1900,6,0) -> #REF! | E34: =IF(C34=D34,TRUE) -> #REF!
A35: CK1155_030_59 | B35: 8750 | C35: 1 | D35: =VLOOKUP(A35,PIVOT!$A$4:$F$1900,6,0) -> #REF! | E35: =IF(C35=D35,TRUE) -> #REF!
A36: CK1155_272_59 | B36: 8750 | C36: 2 | D36: =VLOOKUP(A36,PIVOT!$A$4:$F$1900,6,0) -> #REF! | E36: =IF(C36=D36,TRUE) -> #REF!
A37: CK1209_003_62 | B37: 9000 | C37: 1 | D37: =VLOOKUP(A37,PIVOT!$A$4:$F$1900,6,0) -> #REF! | E37: =IF(C37=D37,TRUE) -> #REF!
A38: CK1209A_010_62 | B38: 9000 | C38: 1 | D38: =VLOOKUP(A38,PIVOT!$A$4:$F$1900,6,0) -> #REF! | E38: =IF(C38=D38,TRUE) -> #REF!
A39: CK1209A_714_62 | B39: 9000 | C39: 1 | D39: =VLOOKUP(A39,PIVOT!$A$4:$F$1900,6,0) -> #REF! | E39: =IF(C39=D39,TRUE) -> #REF!
A40: CK1209SA_001_62 | B40: 9000 | C40: 1 | D40: =VLOOKUP(A40,PIVOT!$A$4:$F$1900,6,0) -> #REF! | E40: =IF(C40=D40,TRUE) -> #REF!
A41: CK1217S_001_60 | B41: 9000 | C41: 0 | D41: =VLOOKUP(A41,PIVOT!$A$4:$F$1900,6,0) -> #REF! | E41: =IF(C41=D41,TRUE) -> #REF!
A42: CK2145_060_60 | B42: 9000 | C42: 0 | D42: =VLOOKUP(A42,PIVOT!$A$4:$F$1900,6,0) -> #REF! | E42: =IF(C42=D42,TRUE) -> #REF!
A43: CK2146SA_001_59 | B43: 9000 | C43: 1 | D43: =VLOOKUP(A43,PIVOT!$A$4:$F$1900,6,0) -> #REF! | E43: =IF(C43=D43,TRUE) -> #REF!
... A59: CK4194SP_001_57 | B59: 9000 | C59: 1 | D59: =VLOOKUP(A59,PIVOT!$A$4:$F$1900,6,0) -> #REF! | E59: =IF(C59=D59,TRUE) -> #REF!
A60: CK4195S_001_57 | B60: #N/A | C60: 0 | D60: =VLOOKUP(A60,PIVOT!$A$4:$F$1900,6,0) -> #REF! | E60: =IF(C60=D60,TRUE) -> #REF!
A61: CK4216_320_56 | B61: 8750 | C61: 1 | D61: =VLOOKUP(A61,PIVOT!$A$4:$F$1900,6,0) -> #REF! | E61: =IF(C61=D61,TRUE) -> #REF!
A62: CK4223_001_52 | B62: 9000 | C62: 2 | D62: =VLOOKUP(A62,PIVOT!$A$4:$F$1900,6,0) -> #REF! | E62: =IF(C62=D62,TRUE) -> #REF!
A63: CK4223S_377_52 | B63: 9000 | C63: 1 | D63: =VLOOKUP(A63,PIVOT!$A$4:$F$1900,6,0) -> #REF! | E63: =IF(C63=D63,TRUE) -> #REF!
A64: CK4224_004_57 | B64: 9000 | C64: 0 | D64: =VLOOKUP(A64,PIVOT!$A$4:$F$1900,6,0) -> #REF! | E64: =IF(C64=D64,TRUE) -> #REF!
A65: CK4248A_323_58 | B65: 9000 | C65: 0 | D65: =VLOOKUP(A65,PIVOT!$A$4:$F$1900,6,0) -> #REF! | E65: =IF(C65=D65,TRUE) -> #REF!
A66: CK4256S_110_57 | B66: 9000 | C66: 0 | D66: =VLOOKUP(A66,PIVOT!$A$4:$F$1900,6,0) -> #REF! | E66: =IF(C66=D66,TRUE) -> #REF!
A67: CK4260_196_55 | B67: 9000 | C67: 1 | D67: =VLOOKUP(A67,PIVOT!$A$4:$F$1900,6,0) -> #REF! | E67: =IF(C67=D67,TRUE) -> #REF!
A68: CK4261_060_55 | B68: 9000 | C68: 1 | D68: =VLOOKUP(A68,PIVOT!$A$4:$F$1900,6,0) -> #REF! | E68: =IF(C68=D68,TRUE) -> #REF!
A69: CK5327_060_51 | C69: 1 | D69: =VLOOKUP(A69,PIVOT!$A$4:$F$1900,6,0) -> #REF! | E69: =IF(C69=D69,TRUE) -> #REF!
A70: CK5327_714_51 | B70: 8200 | C70: 1 | D70: =VLOOKUP(A70,PIVOT!$A$4:$F$1900,6,0) -> #REF! | E70: =IF(C70=D70,TRUE) -> #REF!
A71: CK5327_714_51 | B71: 8200 | C71: 1 | D71: =VLOOKUP(A71,PIVOT!$A$4:$F$1900,6,0) -> #REF! | E71: =IF(C71=D71,TRUE) -> #REF!
A72: CK5350_060_54 | C72: 1 | D72: =VLOOKUP(A72,PIVOT!$A$4:$F$1900,6,0) -> #REF! | E72: =IF(C72=D72,TRUE) -> #REF!
A73: CK5350_403_54 | C73: 1 | D73: =VLOOKUP(A73,PIVOT!$A$4:$F$1900,6,0) -> #REF! | E73: =IF(C73=D73,TRUE) -> #REF!
A74: CK5351_044_52 | C74: 1 | D74: =VLOOKUP(A74,PIVOT!$A$4:$F$1900,6,0) -> #REF! | E74: =IF(C74=D74,TRUE) -> #REF!
A75: CK5351_060_52 | C75: 1 | D75: =VLOOKUP(A75,PIVOT!$A$4:$F$1900,6,0) -> #REF! | E75: =IF(C75=D75,TRUE) -> #REF!
A76: CK5364A_028_51 | C76: 1 | D76: =VLOOKUP(A76,PIVOT!$A$4:$F$1900,6,0) -> #REF! | E76: =IF(C76=D76,TRUE) -> #REF!
A77: CK5365_046_51 | C77: 1 | D77: =VLOOKUP(A77,PIVOT!$A$4:$F$1900,6,0) -> #REF! | E77: =IF(C77=D77,TRUE) -> #REF!
A78: CK5365A_001_51 | C78: 1 | D78: =VLOOKUP(A78,PIVOT!$A$4:$F$1900,6,0) -> #REF! | E78: =IF(C78=D78,TRUE) -> #REF!
A79: CK5366A_097_52 | C79: 1 | D79: =VLOOKUP(A79,PIVOT!$A$4:$F$1900,6,0) -> #REF! | E79: =IF(C79=D79,TRUE) -> #REF!
A80: CK5367_044_52 | C80: 1 | D80: =VLOOKUP(A80,PIVOT!$A$4:$F$1900,6,0) -> #REF! | E80: =IF(C80=D80,TRUE) -> #REF!
A81: CK5367_403_52 | C81: 1 | D81: =VLOOKUP(A81,PIVOT!$A$4:$F$1900,6,0) -> #REF! | E81: =IF(C81=D81,TRUE) -> #REF!
A82: CK5387_001_53 | C82: 1 | D82: =VLOOKUP(A82,PIVOT!$A$4:$F$1900,6,0) -> #REF! | E82: =IF(C82=D82,TRUE) -> #REF!
A83: DG1231_488_54 | B83: 14700 | C83: 1 | D83: =VLOOKUP(A83,PIVOT!$A$4:$F$1900,6,0) -> #REF! | E83: =IF(C83=D83,TRUE) -> #REF!
A84: DG1238P_1169_54 | B84: 9210 | C84: 1 | D84: =VLOOKUP(A84,PIVOT!$A$4:$F$1900,6,0) -> #REF! | E84: =IF(C84=D84,TRUE) -> #REF!
A85: DG2075_03413_63 | B85: 16500 | C85: 0 | D85: =VLOOKUP(A85,PIVOT!$A$4:$F$1900,6,0) -> #REF! | E85: =IF(C85=D85,TRUE) -> #REF!
A86: DG2119_119013_62 | B86: 13500 | C86: 0 | D86: =VLOOKUP(A86,PIVOT!$A$4:$F$1900,6,0) -> #REF! | E86: =IF(C86=D86,TRUE) -> #REF!
A87: DG2143_026G_57 | B87: 16500 | C87: 0 | D87: =VLOOKUP(A87,PIVOT!$A$4:$F$1900,6,0) -> #REF! | E87: =IF(C87=D87,TRUE) -> #REF!
A88: DG2143_12538G_57 | B88: 15500 | C88: 0 | D88: =VLOOKUP(A88,PIVOT!$A$4:$F$1900,6,0) -> #REF! | E88: =IF(C88=D88,TRUE) -> #REF!
A89: DG2143_488T3_57 | B89: 19000 | C89: 0 | D89: =VLOOKUP(A89,PIVOT!$A$4:$F$1900,6,0) -> #REF! | E89: =IF(C89=D89,TRUE) -> #REF!
A90: DG2155_129313_56 | B90: 14500 | C90: 1 | D90: 0 | E90: =IF(C90=D90,TRUE) -> FALSE
A91: DG3207_2867_53 | B91: 11500 | C91: 0 | D91: =VLOOKUP(A91,PIVOT!$A$4:$F$1900,6,0) -> #REF! | E91: =IF(C91=D91,TRUE) -> #REF!
A92: DG4195_5018G_56 | B92: 14820 | C92: 0 | D92: =VLOOKUP(A92,PIVOT!$A$4:$F$1900,6,0) -> #REF! | E92: =IF(C92=D92,TRUE) -> #REF!
A93: DG4257_50213_54 | B93: 15500 | C93: 0 | D93: =VLOOKUP(A93,PIVOT!$A$4:$F$1900,6,0) -> #REF! | E93: =IF(C93=D93,TRUE) -> #REF!
A94: DG5115_090_50 | B94: 9100 | C94: 1 | D94: =VLOOKUP(A94,PIVOT!$A$4:$F$1900,6,0) -> #REF! | E94: =IF(C94=D94,TRUE) -> #REF!
A95: DG6081_26168G_60 | B95: 9180 | C95: 0 | D95: =VLOOKUP(A95,PIVOT!$A$4:$F$1900,6,0) -> #REF! | E95: =IF(C95=D95,TRUE) -> #REF!
A96: DG6086_280587_56 | B96: 13710 | C96: 0 | D96: =VLOOKUP(A96,PIVOT!$A$4:$F$1900,6,0) -> #REF! | E96: =IF(C96=D96,TRUE) -> #REF!
A97: DG6086_280687_56 | B97: 13710 | C97: 0 | D97: =VLOOKUP(A97,PIVOT!$A$4:$F$1900,6,0) -> #REF! | E97: =IF(C97=D97,TRUE) -> #REF!
A98: DG6087_502T5_55 | B98: 15500 | C98: 1 | D98: =VLOOKUP(A98,PIVOT!$A$4:$F$1900,6,0) -> #REF! | E98: =IF(C98=D98,TRUE) -> #REF!
A99: DG6088_265213_59 | B99: 12500 | C99: 0 | D99: =VLOOKUP(A99,PIVOT!$A$4:$F$1900,6,0) -> #REF! | E99: =IF(C99=D99,TRUE) -> #REF!
A100: DJ084_C4_52 | B100: 1800 | C100: 1 | D100: =VLOOKUP(A100,PIVOT!$A$4:$F$1900,6,0) -> #REF! | E100: =IF(C100=D100,TRUE) -> #REF!
A101: DJ1057_C6_48 | B101: 1600 | C101: 1 | D101: =VLOOKUP(A101,PIVOT!$A$4:$F$1900,6,0) -> #REF! | E101: =IF(C101=D101,TRUE) -> #REF!
A102: DJ1059_C4_50 | B102: #N/A | C102: 1 | D102: =VLOOKUP(A102,PIVOT!$A$4:$F$1900,6,0) -> #REF! | E102: =IF(C102=D102,TRUE) -> #REF!
A103: DJ1086_C1_54 | B103: 1600 | C103: 1 | D103: =VLOOKUP(A103,PIVOT!$A$4:$F$1900,6,0) -> #REF! | E103: =IF(C103=D103,TRUE) -> #REF!
A104: DJ1089_C2_52 | B104: 1600 | C104: 0 | D104: =VLOOKUP(A104,PIVOT!$A$4:$F$1900,6,0) -> #REF! | E104: =IF(C104=D104,TRUE) -> #REF!
A105: DJ1098_C5_49 | B105: 1600 | C105: 1 | D105: =VLOOKUP(A105,PIVOT!$A$4:$F$1900,6,0) -> #REF! | E105: =IF(C105=D105,TRUE) -> #REF!
A106: DJ1098_C6_49 | B106: 1600 | C106: 1 | D106: =VLOOKUP(A106,PIVOT!$A$4:$F$1900,6,0) -> #REF! | E106: =IF(C106=D106,TRUE) -> #REF!
A107: DJ1099_C1_52 | B107: #N/A | C107: 1 | D107: =VLOOKUP(A107,PIVOT!$A$4:$F$1900,6,0) -> #REF! | E107: =IF(C107=D107,TRUE) -> #REF!
A108: DJ1305_C1_51 | B108: 1800 | C108: 1 | D108: =VLOOKUP(A108,PIVOT!$A$4:$F$1900,6,0) -> #REF! | E108: =IF(C108=D108,TRUE) -> #REF!
A109: DJ1306_C3_51 | B109: 1800 | C109: 1 | D109: =VLOOKUP(A109,PIVOT!$A$4:$F$1900,6,0) -> #REF! | E109: =IF(C109=D109,TRUE) -> #REF!
A110: DJ15T126_C3_54 | B110: 1800 | C110: 1 | D110: =VLOOKUP(A110,PIVOT!$A$4:$F$1900,6,0) -> #REF! | E110: =IF(C110=D110,TRUE) -> #REF!
A111: DJ15T126_C5_54 | B111: 1800 | C111: 0 | D111: =VLOOKUP(A111,PIVOT!$A$4:$F$1900,6,0) -> #REF! | E111: =IF(C111=D111,TRUE) -> #REF!
A112: DJ15T128_C2_51 | B112: 1800 | C112: 1 | D112: =VLOOKUP(A112,PIVOT!$A$4:$F$1900,6,0) -> #REF! | E112: =IF(C112=D112,TRUE) -> #REF!
A113: DJ15T156_C1_53 | B113: 1800 | C113: 1 | D113: =VLOOKUP(A113,PIVOT!$A$4:$F$1900,6,0) -> #REF! | E113: =IF(C113=D113,TRUE) -> #REF!
A114: DJ15T156_C5_53 | B114: 1600 | C114: 1 | D114: =VLOOKUP(A114,PIVOT!$A$4:$F$1900,6,0) -> #REF! | E114: =IF(C114=D114,TRUE) -> #REF!
A115: DJ15T158_C1_53 | B115: 1600 | C115: 1 | D115: =VLOOKUP(A115,PIVOT!$A$4:$F$1900,6,0) -> #REF! | E115: =IF(C115=D115,TRUE) -> #REF!
A116: DJ15T158_C5_53 | B116: 1600 | C116: 1 | D116: =VLOOKUP(A116,PIVOT!$A$4:$F$1900,6,0) -> #REF! | E116: =IF(C116=D116,TRUE) -> #REF!
A117: DJ15T162_C1_52 | B117: 1600 | C117: 1 | D117: =VLOOKUP(A117,PIVOT!$A$4:$F$1900,6,0) -> #REF! | E117: =IF(C117=D117,TRUE) -> #REF!
A118: DJ15T162_C2_52 | B118: 1800 | C118: 1 | D118: =VLOOKUP(A118,PIVOT!$A$4:$F$1900,6,0) -> #REF! | E118: =IF(C118=D118,TRUE) -> #REF!
...

Sheet Brands
A1: Code | B1: Brand
A2: RB | B2: Rayban
A3: CI | B3: Citizen
A4: OO | B4: Oakley
A5: OX | B5: Oakley
A6: RJ | B6: Rayban
A7: BE | B7: Burberry
A8: PR | B8: Prada
A9: PS | B9: Prada
A10: DG | B10: Dolce & gabbana
A11: VE | B11: Versace
A12: VO | B12: Vogue
... A38: IN | B38: Invu

Sheet Sheet11
A1: SKU | B1: 30/5/19 | C1: MRP | D1: DAMAGED PIECES
A2: FT_C072BK2_M | B2: 1
A3: FT_M148BU1_M | B3: 1
A4: FT_M171BK1_M | B4: 1
A5: FT_P230_GR3P_M | B5: 1
A6: FT_P241BK1_M | B6: 1
A7: FT_P322BK1_M | B7: 0 | C7: 1395
A8: FT_PC001BR31P_M | B8: 1
A9: BE20030_COL01_55 | B9: 1
A10: IDS2192_C2_56 | B10: 1 | C10: 2380
A11: IDS2225_C1_53 | B11: 1 | C11: 2250
A12: IDS2472_C1_52 | B12: 1 | C12: 2780
A13: IDS2477_C3_56 | B13: 1 | C13: 2590
A14: IDS2500_C11_58 | B14: 1 | C14: 2350
A15: IDS2500_C41_58 | B15: 1 | C15: 2590
A16: IDS2502_C1P_55 | B16: 1 | C16: 2950
A17: IDS2509_C5_57 | B17: 1 | C17: 2850
A18: OO9263_05_65 | B18: 1 | C18: 7990
A19: OO9350_07_59
A20: RB2140_1188R5_50 | B20: 1 | C20: 7690
A21: RB2140_1188R5_50 | B21: 1 | C21: 7490
A22: RB2140_1188R5_50 | B22: 1 | C22: 7490
A23: RB2140_902_50 | B23: 1 | C23: 7690
A24: RB2180_6277B1_49 | B24: 1
A25: RB3016_90158_51 | B25: 1
A26: RB3025_0145_55 | B26: 1
A27: RB3025_0024J_58 | B27: 1
A28: RB3025_0024W_58 | B28: 1
A29: RB3025_00258_62 | B29: 1 | C29: 7490
A30: RB3025_004_55 | B30: 1 | C30: 5290
A31: RB3025_0045_55 | B31: 1 | C31: 5990
A32: RB3025_11217_55 | B32: 0 | C32: 8690
A33: RB3026_W2027_62 | B33: 0 | C33: 5490
A34: RB3432_004_59 | B34: 1 | C34: 4290
A35: RB3412_002_63 | B35: 0 | C35: 4290
A36: RB3498_00413_61 | B36: 1 | C36: 6290
A37: RJ9506S_22011_50 | B37: 2
A38: TH9711_C4_53 | B38: ?
A39: VO2829SM_W4411_58 | B39: 1 | C39: 2990
A40: VO2855SM_W4411_56 | B40: 1 | C40: 3290

Sheet Detail4-BABY FRAMES SHEET-Order
B1: Choose Category | C1: Mention SKU Code | D1: Units Moved | E1: MRP | F1: Location on Racks | G1: Date
A2: 43199.513 | B2: Order | C2: BABY FRAMES SHEET | D2: -1 | E2: 400 | F2: T | G2: 43197
A3: 43200.442 | B3: Order | C3: BABY FRAMES SHEET | D3: -1 | E3: 300 | F3: T | G3: 43199

Sheet Detail3-BABY FRAMES SHEET-Inwar
B1: Choose Category | C1: Mention SKU Code | D1: Units Moved | E1: MRP | F1: Location on Racks | G1: Date
A2: No contributing data for this category

Sheet Detail2-CK1145SK_975_59-Inwarde
B1: Choose Category | C1: Mention SKU Code | D1: Units Moved | E1: MRP | F1: Location on Racks | G1: Date
A2: 43101.562 | B2: Inwarded | C2: CK1145S_975_59 | D2: 1 | E2: 4590 | F2: D1 | G2: 43101
A3: 43101.565 | B3: Inwarded | C3: CK1145S_975_59 | D3: 1 | E3: 4590 | F3: D1 | G3: 43101

Sheet fk alias
A1: FK SKU | B1: Correct SKU
A2: TH2603_BlkTorC2_60 | B2: TH2603_C2_60
A3: VE4268G_1357 | B3: VE4278B_51368G_57
A4: B4178_331613_58 | B4: B4178_331613_58
A5: BE3054_11293D_58 | B5: BE3054_11293D_58
A6: BE3071_1017B3_57 | B6: BE3071_1017B3_57
A7: BE4148_300273_55 | B7: BE4148_300273_55
A8: BE4153Q_34266H_58 | B8: BE4153Q_34266H_58
A9: BE4190_300213_56 | B9: BE4190_300213_56
A10: BE4201_300187_58 | B10: BE4201_300187_58
A11: DG2075_03413_63 | B11: DG2075_03413_63
A12: DG21013_1362 | B12: DG2119_119013_62
... A2861: VO2924BI_2065_51 | B2861: VO2924BI_2065_51
A2862: FOS2029S_BG4F8_51 | B2862: =VLOOKUP(A2862,Stocktake!$A$14:$C$1942,1,0) -> #REF!
A2863: VE1231_1002_52 | B2863: VE1231_1002_52
A2864: VO4016BI_848_51 | B2864: VO4016BI_848_51
A2865: FT_R046PR3F_M | B2865: =VLOOKUP(A2865,Stocktake!$A$14:$C$1942,1,0) -> #REF!
A2866: TH5221_C4_51 | B2866: =VLOOKUP(A2866,Stocktake!$A$14:$C$1942,1,0) -> #REF!
A2867: VE3206_GB1_54 | B2867: VE3206_GB1_54
A2868: FT_P392BK2_M | B2868: =VLOOKUP(A2868,Stocktake!$A$14:$C$1942,1,0) -> #REF!
A2869: FT_PC001BR31P_M | B2869: =VLOOKUP(A2869,Stocktake!$A$14:$C$1942,1,0) -> #REF!
A2870: VE1210BM_1002_52 | B2870: VE1210BM_1002_52
A2871: FT_R040GR1_M | B2871: =VLOOKUP(A2871,Stocktake!$A$14:$C$1942,1,0) -> #REF!
A2872: FOS2054S_HD18H_52 | B2872: =VLOOKUP(A2872,Stocktake!$A$14:$C$1942,1,0) -> #REF!
A2873: FT_PC001OR32P_M | B2873: =VLOOKUP(A2873,Stocktake!$A$14:$C$1942,1,0) -> #REF!
A2874: VE1238_1002_54 | B2874: VE1238_1002_54
A2875: ID1000_C4_M | B2875: ID1000_C4_52
A2876: FT_R022GR1_M | B2876: =VLOOKUP(A2876,Stocktake!$A$14:$C$1942,1,0) -> #REF!
A2877: VO2787_2406_53 | B2877: VO2787_2406_53
A2878: TH7867_C2_59 | B2878: =VLOOKUP(A2878,Stocktake!$A$14:$C$1942,1,0) -> #REF!
A2879: FT_P380GR2_M | B2879: =VLOOKUP(A2879,Stocktake!$A$14:$C$1942,1,0) -> #REF!
A2880: TH5233_C1_51 | B2880: =VLOOKUP(A2880,Stocktake!$A$14:$C$1942,1,0) -> #REF!
A2881: VO2795S_W65613_53 | B2881: =VLOOKUP(A2881,Stocktake!$A$14:$C$1942,1,0) -> #REF!
A2882: FT_PC001BK30P_M | B2882: =VLOOKUP(A2882,Stocktake!$A$14:$C$1942,1,0) -> #REF!
A2883: EA3025_5017_54 | B2883: =VLOOKUP(A2883,Stocktake!$A$14:$C$1942,1,0) -> #REF!
A2884: VO3991S_35211_58 | B2884: VO3991S_35211_58
A2885: VO2866_2269_53 | B2885: VO2866_2269_53
A2886: CK1089S_028_58 | B2886: =VLOOKUP(A2886,Stocktake!$A$14:$C$1942,1,0) -> #REF!
A2887: VO3845B_548_52 | B2887: VO3845B_548_52
A2888: VO3844_352_52 | B2888: VO3844_352_52
A2889: VO5010_W44_53 | B2889: VO5010_W44_53
A2890: EA4063_546573_58 | B2890: =VLOOKUP(A2890,Stocktake!$A$14:$C$1942,1,0) -> #REF!
A2891: VO2871S_W4411_56 | B2891: VO2871S_W4411_56
A2892: FT_P402YL1IN_M | B2892: =VLOOKUP(A2892,Stocktake!$A$14:$C$1942,1,0) -> #REF!
A2893: VE4316_520088_57 | B2893: VE4316_520088_57
A2894: VO2899_W44_53 | B2894: =VLOOKUP(A2894,Stocktake!$A$14:$C$1942,1,0) -> #REF!
A2895: VO3965_848S_55 | B2895: VO3965_848S_55
A2896: VO2816_2183_52 | B2896: VO2816_2183_52
A2897: VO2789B_W656_52 | B2897: =VLOOKUP(A2897,Stocktake!$A$14:$C$1942,1,0) -> #REF!
A2898: FT_P211BU2_M | B2898: =VLOOKUP(A2898,Stocktake!$A$14:$C$1942,1,0) -> #REF!
A2899: TH5648_C2_48 | B2899: TH5648_C2_48
A2900: DG1238P_1169_54 | B2900: DG1238P_1169_54
A2901: FT_P199GR1_M | B2901: FT_P199GR1_M
A2902: VO5148B_2539_53 | B2902: VO5148B_2539_53
A2903: VO5013_W44_52 | B2903: VO5013_W44_52
A2904: VO2817S_20308F_53 | B2904: VO2817S_20308F_53
A2905: FT_R041BR2_M | B2905: =VLOOKUP(A2905,Stocktake!$A$14:$C$1942,1,0) -> #REF!
A2906: VE4321_518213_58 | B2906: VE4321_518213_58
A2907: VO2959S_230213_54 | B2907: VO2959S_230213_54
A2908: FT_P383BK13_M | B2908: =VLOOKUP(A2908,Stocktake!$A$14:$C$1942,1,0) -> #REF!
A2909: FOS3063S_MOODB_53 | B2909: =VLOOKUP(A2909,Stocktake!$A$14:$C$1942,1,0) -> #REF!
A2910: FT_P304BR1P_M | B2910: =VLOOKUP(A2910,Stocktake!$A$14:$C$1942,1,0) -> #REF!
A2911: VO2714_2406_54 | B2911: =VLOOKUP(A2911,Stocktake!$A$14:$C$1942,1,0) -> #REF!
A2912: VE3215_617_52 | B2912: VE3215_617_52
A2913: FT_P385RD4_M | B2913: =VLOOKUP(A2913,Stocktake!$A$14:$C$1942,1,0) -> #REF!
A2914: ID733_C4_M | B2914: ID733_C4_54
A2915: VO4049S_84814_55 | B2915: VO4049S_84814_55
A2916: VO5166S_256613_51 | B2916: VO5166_256613_51
A2917: FT_P360RD2_M | B2917: FT_P360RD2_M
A2918: VO5136S_W65613_52 | B2918: VO5136S_W65613_52
A2919: VO5166S_25677B_51 | B2919: VO5166S_25677B_51
A2920: EA3013_5026_52 | B2920: EA3013_5026_52
A2921: VO5133S_W4411_53 | B2921: VO5133S_W4411_53
A2922: FT_M164BU1_M | B2922: FT_M164BU1_M
A2923: VO4070S_50597B_57 | B2923: VO4070S_50597B_57
A2924: FT_M149BU2_M | B2924: FT_M149BU2_M
A2925: FT_M138BR6P_M | B2925: FT_M138BR6P_M
... A2930: EA3091_5509_55 | B2930: EA3091_5509_55
A2931: ID1047_C1_51F1 | B2931: =left(A2931,len(A2931)-2) -> ID1047_C1_51
A2932: DG5115_090_50F1 | B2932: =left(A2932,len(A2932)-2) -> DG5115_090_50
A2933: ID1519_C2_49F1 | B2933: =left(A2933,len(A2933)-2) -> ID1519_C2_49
A2934: ID721_C2_52F1 | B2934: =left(A2934,len(A2934)-2) -> ID721_C2_52
A2935: EA3025_5017_54F1 | B2935: =left(A2935,len(A2935)-2) -> EA3025_5017_54
A2936: ID1520_C1_50F1 | B2936: =left(A2936,len(A2936)-2) -> ID1520_C1_50
A2937: ID780_C4_58F1 | B2937: =left(A2937,len(A2937)-2) -> ID780_C4_58
A2938: CK5367_044_52F1 | B2938: =left(A2938,len(A2938)-2) -> CK5367_044_52
A2939: ID1484_C4_51F1 | B2939: =left(A2939,len(A2939)-2) -> ID1484_C4_51
A2940: ID1484_C6_51F1 | B2940: =left(A2940,len(A2940)-2) -> ID1484_C6_51
A2941: ID1546_C4_52F1 | B2941: =left(A2941,len(A2941)-2) -> ID1546_C4_52
A2942: ID1144_C2_53F1 | B2942: =left(A2942,len(A2942)-2) -> ID1144_C2_53
... A3067: VO4037_280_52F1 | B3067: =left(A3067,len(A3067)-2) -> VO4037_280_52
A3068: IDS2366_C2_M | B3068: IDS2366_C2_M
A3069: IDS2302_C3_M | B3069: IDS2302_C3_M
A3070: IDS2343_C9_M | B3070: IDS2343_C9_M
A3071: IDS2001_C41P_M | B3071: IDS2001_C41P_M
A3072: IDS2001_C30_M | B3072: IDS2001_C30_M
A3073: IDS2237_C4P_M | B3073: IDS2237_C4P_M
A3074: IDS2220_C1_M | B3074: IDS2220_C1_M
A3075: IDS2331_C1_M | B3075: IDS2331_C1_M
A3076: IDS2238_C3_M | B3076: IDS2238_C3_M
...
